id, firstname, lastname, phoneNumber, email, stage, sourceId, managerId, createdAt, enteredAt
0000000000000101,Александр,Иванов,+79990001010,alexandr.ivanov101@nomail.test,new,00000001,00000001,2026-01-01T08:07:03Z,2026-01-01T08:07:08Z
0000000000000102,Дмитрий,Смирнов,+79990001020,dmitriy.smirnov102@nomail.test,qualified,00000002,00000002,2026-01-02T08:14:06Z,2026-01-02T12:14:06Z
0000000000000103,Максим,Кузнецов,+79990001030,maxim.kuznetsov103@nomail.test,proposal,00000003,00000003,2026-01-03T08:21:09Z,2026-01-04T10:21:09Z
0000000000000104,Иван,Попов,+79990001040,ivan.popov104@nomail.test,won,00000004,00000004,2026-01-04T08:28:12Z,2026-01-07T09:28:12Z
0000000000000105,Сергей,Васильев,+79990001050,sergey.vasiliev105@nomail.test,lost,00000005,00000005,2026-01-05T08:35:15Z,2026-01-08T09:35:15Z
0000000000000106,Андрей,Петров,+79990001060,andrey.petrov106@nomail.test,new,00000006,00000006,2026-01-06T08:42:18Z,2026-01-06T08:42:23Z
0000000000000107,Алексей,Соколов,+79990001070,aleksey.sokolov107@nomail.test,qualified,00000007,00000007,2026-01-07T08:49:21Z,2026-01-07T12:49:21Z
0000000000000108,Артём,Михайлов,+79990001080,artem.mikhailov108@nomail.test,proposal,00000008,00000008,2026-01-08T08:56:24Z,2026-01-09T10:56:24Z
0000000000000109,Михаил,Новиков,+79990001090,mikhail.novikov109@nomail.test,won,00000009,00000009,2026-01-09T09:03:27Z,2026-01-12T09:03:27Z
0000000000000110,Никита,Фёдоров,+79990001100,nikita.fedorov110@nomail.test,lost,00000010,00000010,2026-01-10T09:10:30Z,2026-01-13T09:10:30Z
0000000000000111,Роман,Морозов,+79990001110,roman.morozov111@nomail.test,new,00000011,00000011,2026-01-11T09:17:33Z,2026-01-11T09:17:38Z
0000000000000112,Егор,Волков,+79990001120,egor.volkov112@nomail.test,qualified,00000012,00000012,2026-01-12T09:24:36Z,2026-01-12T13:24:36Z
0000000000000113,Павел,Алексеев,+79990001130,pavel.alekseev113@nomail.test,proposal,00000013,00000013,2026-01-13T09:31:39Z,2026-01-14T10:31:39Z
0000000000000114,Тимофей,Лебедев,+79990001140,timofey.lebedev114@nomail.test,won,00000014,00000014,2026-01-14T09:38:42Z,2026-01-17T09:38:42Z
0000000000000115,Владислав,Семёнов,+79990001150,vladislav.semyonov115@nomail.test,lost,00000015,00000015,2026-01-15T09:45:45Z,2026-01-18T09:45:45Z
0000000000000116,Денис,Егоров,+79990001160,denis.egorov116@nomail.test,new,00000016,00000016,2026-01-16T09:52:48Z,2026-01-16T09:52:53Z
0000000000000117,Константин,Павлов,+79990001170,konstantin.pavlov117@nomail.test,qualified,00000017,00000017,2026-01-17T09:59:51Z,2026-01-17T13:59:51Z
0000000000000118,Виктор,Козлов,+79990001180,viktor.kozlov118@nomail.test,proposal,00000018,00000018,2026-01-18T10:06:54Z,2026-01-19T10:06:54Z
0000000000000119,Олег,Степанов,+79990001190,oleg.stepanov119@nomail.test,won,00000019,00000019,2026-01-19T10:13:57Z,2026-01-22T10:13:57Z
0000000000000120,Илья,Николаев,+79990001200,ilya.nikolaev120@nomail.test,lost,00000020,00000020,2026-01-20T10:21:00Z,2026-01-23T10:21:00Z
0000000000000121,Владимир,Орлов,+79990001210,vladimir.orlov121@nomail.test,new,00000001,00000002,2026-01-21T10:28:03Z,2026-01-21T10:28:08Z
0000000000000122,Мария,Антонов,+79990001220,maria.antonov122@nomail.test,qualified,00000002,00000003,2026-01-22T10:35:06Z,2026-01-22T14:35:06Z
0000000000000123,Елена,Тихонов,+79990001230,elena.tikhonov123@nomail.test,proposal,00000003,00000004,2026-01-23T10:42:09Z,2026-01-24T10:42:09Z
0000000000000124,Анна,Беляев,+79990001240,anna.belyaev124@nomail.test,won,00000004,00000005,2026-01-24T10:49:12Z,2026-01-27T10:49:12Z
0000000000000125,Ольга,Зайцев,+79990001250,olga.zaicev125@nomail.test,lost,00000005,00000006,2026-01-25T10:56:15Z,2026-01-28T10:56:15Z
0000000000000126,Наталья,Киселёв,+79990001260,natalya.kiselev126@nomail.test,new,00000006,00000007,2026-01-26T11:03:18Z,2026-01-26T11:03:23Z
0000000000000127,Татьяна,Григорьев,+79990001270,tatiana.grigorev127@nomail.test,qualified,00000007,00000008,2026-01-27T11:10:21Z,2026-01-27T15:10:21Z
0000000000000128,Юлия,Денисов,+79990001280,yulia.denisov128@nomail.test,proposal,00000008,00000009,2026-01-28T11:17:24Z,2026-01-29T11:17:24Z
0000000000000129,Светлана,Мартынов,+79990001290,svetlana.martynov129@nomail.test,won,00000009,00000010,2026-01-29T11:24:27Z,2026-02-01T11:24:27Z
0000000000000130,Ксения,Ершов,+79990001300,kseniya.ershov130@nomail.test,lost,00000010,00000011,2026-01-30T11:31:30Z,2026-02-02T11:31:30Z
0000000000000131,Виктория,Крылов,+79990001310,viktoria.krylov131@nomail.test,new,00000011,00000012,2026-01-31T11:38:33Z,2026-01-31T11:38:38Z
0000000000000132,Анастасия,Воробьёв,+79990001320,anastasia.vorobev132@nomail.test,qualified,00000012,00000013,2026-02-01T11:45:36Z,2026-02-01T15:45:36Z
0000000000000133,Полина,Котов,+79990001330,polina.kotov133@nomail.test,proposal,00000013,00000014,2026-02-02T11:52:39Z,2026-02-03T11:52:39Z
0000000000000134,Людмила,Беляков,+79990001340,lyudmila.belyakov134@nomail.test,won,00000014,00000015,2026-02-03T11:59:42Z,2026-02-06T11:59:42Z
0000000000000135,Галина,Савельев,+79990001350,galina.saveliev135@nomail.test,lost,00000015,00000016,2026-02-04T12:06:45Z,2026-02-07T12:06:45Z
0000000000000136,Марина,Макаров,+79990001360,marina.makarov136@nomail.test,new,00000016,00000017,2026-02-05T12:13:48Z,2026-02-05T12:13:53Z
0000000000000137,Ирина,Овчинников,+79990001370,irina.ovchinnikov137@nomail.test,qualified,00000017,00000018,2026-02-06T12:20:51Z,2026-02-06T16:20:51Z
0000000000000138,Зоя,Романов,+79990001380,zoya.romanov138@nomail.test,proposal,00000018,00000019,2026-02-07T12:27:54Z,2026-02-08T12:27:54Z
0000000000000139,София,Борисов,+79990001390,sofiya.borisov139@nomail.test,won,00000019,00000020,2026-02-08T12:34:57Z,2026-02-11T12:34:57Z
0000000000000140,Лидия,Медведев,+79990001400,lidiya.medvedev140@nomail.test,lost,00000020,00000001,2026-02-09T12:42:00Z,2026-02-12T12:42:00Z
0000000000000141,Айсулу,Захаров,+79990001410,aysulu.zaharov141@nomail.test,new,00000001,00000002,2026-02-10T12:49:03Z,2026-02-10T12:49:08Z
0000000000000142,Данияр,Тарасов,+79990001420,daniyar.tarasov142@nomail.test,qualified,00000002,00000003,2026-02-11T12:56:06Z,2026-02-11T16:56:06Z
0000000000000143,Рамазан,Комаров,+79990001430,ramazan.komarov143@nomail.test,proposal,00000003,00000004,2026-02-12T13:03:09Z,2026-02-13T13:03:09Z
0000000000000144,Руслан,Голубев,+79990001440,ruslan.golubev144@nomail.test,won,00000004,00000005,2026-02-13T13:10:12Z,2026-02-16T13:10:12Z
0000000000000145,Азамат,Курков,+79990001450,azamat.kurkov145@nomail.test,lost,00000005,00000006,2026-02-14T13:17:15Z,2026-02-17T13:17:15Z
0000000000000146,Тимур,Матвеев,+79990001460,timur.matveev146@nomail.test,new,00000006,00000007,2026-02-15T13:24:18Z,2026-02-15T13:24:23Z
0000000000000147,Магомед,Демидов,+79990001470,magomed.demidov147@nomail.test,qualified,00000007,00000008,2026-02-16T13:31:21Z,2026-02-16T17:31:21Z
0000000000000148,Шамиль,Никитин,+79990001480,shamil.nikitin148@nomail.test,proposal,00000008,00000009,2026-02-17T13:38:24Z,2026-02-18T13:38:24Z
0000000000000149,Булат,Прохоров,+79990001490,bulat.prokhorov149@nomail.test,won,00000009,00000010,2026-02-18T13:45:27Z,2026-02-21T13:45:27Z
0000000000000150,Арсен,Громов,+79990001500,arsen.gromov150@nomail.test,lost,00000010,00000011,2026-02-19T13:52:30Z,2026-02-22T13:52:30Z
0000000000000151,Салават,Сорокин,+79990001510,salavat.sorokin151@nomail.test,new,00000011,00000012,2026-02-20T13:59:33Z,2026-02-20T13:59:38Z
0000000000000152,Вячеслав,Моисеев,+79990001520,vyacheslav.moiseev152@nomail.test,qualified,00000012,00000013,2026-02-21T14:06:36Z,2026-02-21T18:06:36Z
0000000000000153,Степан,Царёв,+79990001530,stepan.tsarev153@nomail.test,proposal,00000013,00000014,2026-02-22T14:13:39Z,2026-02-23T14:13:39Z
0000000000000154,Богдан,Иванов,+79990001540,bogdan.ivanov154@nomail.test,won,00000014,00000015,2026-02-23T14:20:42Z,2026-02-26T14:20:42Z
0000000000000155,Аркадий,Смирнов,+79990001550,arkadiy.smirnov155@nomail.test,lost,00000015,00000016,2026-02-24T14:27:45Z,2026-02-27T14:27:45Z
0000000000000156,Эльвира,Кузнецов,+79990001560,elvira.kuznetsov156@nomail.test,new,00000016,00000017,2026-02-25T14:34:48Z,2026-02-25T14:34:53Z
0000000000000157,Ринат,Попов,+79990001570,rinat.popov157@nomail.test,qualified,00000017,00000018,2026-02-26T14:41:51Z,2026-02-26T18:41:51Z
0000000000000158,Рашид,Васильев,+79990001580,rashid.vasiliev158@nomail.test,proposal,00000018,00000019,2026-02-27T14:48:54Z,2026-02-28T14:48:54Z
0000000000000159,Марсель,Петров,+79990001590,marcel.petrov159@nomail.test,won,00000019,00000020,2026-02-28T14:55:57Z,2026-03-03T14:55:57Z
0000000000000160,Эльдар,Соколов,+79990001600,eldar.sokolov160@nomail.test,lost,00000020,00000001,2026-03-01T15:03:00Z,2026-03-04T15:03:00Z
0000000000000161,Нурлан,Михайлов,+79990001610,nurlan.mikhailov161@nomail.test,new,00000001,00000002,2026-03-02T15:10:03Z,2026-03-02T15:10:08Z
0000000000000162,Хан,Новиков,+79990001620,han.novikov162@nomail.test,qualified,00000002,00000003,2026-03-03T15:17:06Z,2026-03-03T19:17:06Z
0000000000000163,Саида,Фёдоров,+79990001630,saida.fedorov163@nomail.test,proposal,00000003,00000004,2026-03-04T15:24:09Z,2026-03-05T15:24:09Z
0000000000000164,Иннокентий,Морозов,+79990001640,innokentiy.morozov164@nomail.test,won,00000004,00000005,2026-03-05T15:31:12Z,2026-03-08T15:31:12Z
0000000000000165,Захар,Волков,+79990001650,zahar.volkov165@nomail.test,lost,00000005,00000006,2026-03-06T15:38:15Z,2026-03-09T15:38:15Z
0000000000000166,Матвей,Алексеев,+79990001660,matvey.alekseev166@nomail.test,new,00000006,00000007,2026-01-01T15:45:18Z,2026-01-01T15:45:23Z
0000000000000167,Савелий,Лебедев,+79990001670,saveliy.lebedev167@nomail.test,qualified,00000007,00000008,2026-01-02T15:52:21Z,2026-01-02T19:52:21Z
0000000000000168,Прохор,Семёнов,+79990001680,prokhor.semyonov168@nomail.test,proposal,00000008,00000009,2026-01-03T15:59:24Z,2026-01-04T15:59:24Z
0000000000000169,Глеб,Егоров,+79990001690,gleb.egorov169@nomail.test,won,00000009,00000010,2026-01-04T16:06:27Z,2026-01-07T16:06:27Z
0000000000000170,Кирилл,Павлов,+79990001700,kirill.pavlov170@nomail.test,lost,00000010,00000011,2026-01-05T16:13:30Z,2026-01-08T16:13:30Z
0000000000000171,Фёдор,Козлов,+79990001710,fedor.kozlov171@nomail.test,new,00000011,00000012,2026-01-06T16:20:33Z,2026-01-06T16:20:38Z
0000000000000172,Ефим,Степанов,+79990001720,efim.stepanov172@nomail.test,qualified,00000012,00000013,2026-01-07T16:27:36Z,2026-01-07T20:27:36Z
0000000000000173,Святослав,Николаев,+79990001730,svyatoslav.nikolaev173@nomail.test,proposal,00000013,00000014,2026-01-08T16:34:39Z,2026-01-09T16:34:39Z
0000000000000174,Лев,Орлов,+79990001740,lev.orlov174@nomail.test,won,00000014,00000015,2026-01-09T16:41:42Z,2026-01-12T16:41:42Z
0000000000000175,Артемий,Антонов,+79990001750,artemiy.antonov175@nomail.test,lost,00000015,00000016,2026-01-10T16:48:45Z,2026-01-13T16:48:45Z
0000000000000176,Назар,Тихонов,+79990001760,nazar.tikhonov176@nomail.test,new,00000016,00000017,2026-01-11T16:55:48Z,2026-01-11T16:55:53Z
0000000000000177,Данила,Беляев,+79990001770,danila.belyaev177@nomail.test,qualified,00000017,00000018,2026-01-12T17:02:51Z,2026-01-12T21:02:51Z
0000000000000178,Тарас,Зайцев,+79990001780,taras.zaicev178@nomail.test,proposal,00000018,00000019,2026-01-13T17:09:54Z,2026-01-14T17:09:54Z
0000000000000179,Ярослав,Киселёв,+79990001790,yaroslav.kiselev179@nomail.test,won,00000019,00000020,2026-01-14T17:16:57Z,2026-01-17T17:16:57Z
0000000000000180,Платон,Григорьев,+79990001800,platon.grigorev180@nomail.test,lost,00000020,00000001,2026-01-15T17:24:00Z,2026-01-18T17:24:00Z
0000000000000181,Мирон,Денисов,+79990001810,miron.denisov181@nomail.test,new,00000001,00000002,2026-01-16T17:31:03Z,2026-01-16T17:31:08Z
0000000000000182,Валерий,Мартынов,+79990001820,valeriy.martynov182@nomail.test,qualified,00000002,00000003,2026-01-17T17:38:06Z,2026-01-17T21:38:06Z
0000000000000183,Геннадий,Ершов,+79990001830,gennadiy.ershov183@nomail.test,proposal,00000003,00000004,2026-01-18T17:45:09Z,2026-01-19T17:45:09Z
0000000000000184,Алина,Крылов,+79990001840,alina.krylov184@nomail.test,won,00000004,00000005,2026-01-19T17:52:12Z,2026-01-22T17:52:12Z
0000000000000185,Валерия,Воробьёв,+79990001850,valeriya.vorobev185@nomail.test,lost,00000005,00000006,2026-01-20T17:59:15Z,2026-01-23T17:59:15Z
0000000000000186,Эмма,Котов,+79990001860,emma.kotov186@nomail.test,new,00000006,00000007,2026-01-21T18:06:18Z,2026-01-21T18:06:23Z
0000000000000187,Ангелина,Беляков,+79990001870,angelina.belyakov187@nomail.test,qualified,00000007,00000008,2026-01-22T18:13:21Z,2026-01-22T22:13:21Z
0000000000000188,Вера,Савельев,+79990001880,vera.saveliev188@nomail.test,proposal,00000008,00000009,2026-01-23T18:20:24Z,2026-01-24T18:20:24Z
0000000000000189,Надежда,Макаров,+79990001890,nadezhda.makarov189@nomail.test,won,00000009,00000010,2026-01-24T18:27:27Z,2026-01-27T18:27:27Z
0000000000000190,Лилия,Овчинников,+79990001900,liliya.ovchinnikov190@nomail.test,lost,00000010,00000011,2026-01-25T18:34:30Z,2026-01-28T18:34:30Z
0000000000000191,Сергей,Романов,+79990001910,sergey.romanov191@nomail.test,new,00000011,00000012,2026-01-26T18:41:33Z,2026-01-26T18:41:38Z
0000000000000192,Дмитрий,Борисов,+79990001920,dmitriy.borisov192@nomail.test,qualified,00000012,00000013,2026-01-27T18:48:36Z,2026-01-27T22:48:36Z
0000000000000193,Александр,Медведев,+79990001930,alexander.medvedev193@nomail.test,proposal,00000013,00000014,2026-01-28T18:55:39Z,2026-01-29T18:55:39Z
0000000000000194,Игорь,Захаров,+79990001940,igor.zaharov194@nomail.test,won,00000014,00000015,2026-01-29T19:02:42Z,2026-02-01T19:02:42Z
0000000000000195,Роман,Тарасов,+79990001950,roman.tarasov195@nomail.test,lost,00000015,00000016,2026-01-30T19:09:45Z,2026-02-02T19:09:45Z
0000000000000196,Олег,Комаров,+79990001960,oleg.komarov196@nomail.test,new,00000016,00000017,2026-01-31T19:16:48Z,2026-01-31T19:16:53Z
0000000000000197,Марк,Голубев,+79990001970,mark.golubev197@nomail.test,qualified,00000017,00000018,2026-02-01T19:23:51Z,2026-02-01T23:23:51Z
0000000000000198,Ренат,Курков,+79990001980,renat.kurkov198@nomail.test,proposal,00000018,00000019,2026-02-02T19:30:54Z,2026-02-03T19:30:54Z
0000000000000199,Артем,Матвеев,+79990001990,artem.matveev199@nomail.test,won,00000019,00000020,2026-02-03T19:37:57Z,2026-02-06T19:37:57Z
0000000000000200,Илья,Демидов,+79990002000,ilya.demidov200@nomail.test,lost,00000020,00000001,2026-02-04T19:45:00Z,2026-02-07T19:45:00Z
0000000000000201,Александр,Иванов,+79990002010,alexandr.ivanov201@nomail.test,new,00000002,00000002,2026-02-05T19:52:03Z,2026-02-05T19:52:08Z
0000000000000202,Дмитрий,Смирнов,+79990002020,dmitriy.smirnov202@nomail.test,qualified,00000003,00000003,2026-02-06T19:59:06Z,2026-02-06T23:59:06Z
0000000000000203,Максим,Кузнецов,+79990002030,maxim.kuznetsov203@nomail.test,proposal,00000004,00000004,2026-02-07T20:06:09Z,2026-02-08T20:06:09Z
0000000000000204,Иван,Попов,+79990002040,ivan.popov204@nomail.test,won,00000005,00000005,2026-02-08T20:13:12Z,2026-02-11T20:13:12Z
0000000000000205,Сергей,Васильев,+79990002050,sergey.vasiliev205@nomail.test,lost,00000006,00000006,2026-02-09T20:20:15Z,2026-02-12T20:20:15Z
0000000000000206,Андрей,Петров,+79990002060,andrey.petrov206@nomail.test,new,00000007,00000007,2026-02-10T20:27:18Z,2026-02-10T20:27:23Z
0000000000000207,Алексей,Соколов,+79990002070,aleksey.sokolov207@nomail.test,qualified,00000008,00000008,2026-02-11T20:34:21Z,2026-02-14T00:34:21Z
0000000000000208,Артём,Михайлов,+79990002080,artem.mikhailov208@nomail.test,proposal,00000009,00000009,2026-02-12T20:41:24Z,2026-02-13T20:41:24Z
0000000000000209,Михаил,Новиков,+79990002090,mikhail.novikov209@nomail.test,won,00000010,00000010,2026-02-13T20:48:27Z,2026-02-16T20:48:27Z
0000000000000210,Никита,Фёдоров,+79990002100,nikita.fedorov210@nomail.test,lost,00000011,00000011,2026-02-14T20:55:30Z,2026-02-17T20:55:30Z
0000000000000211,Роман,Морозов,+79990002110,roman.morozov211@nomail.test,new,00000012,00000012,2026-02-15T21:02:33Z,2026-02-15T21:02:38Z
0000000000000212,Егор,Волков,+79990002120,egor.volkov212@nomail.test,qualified,00000013,00000013,2026-02-16T21:09:36Z,2026-02-19T01:09:36Z
0000000000000213,Павел,Алексеев,+79990002130,pavel.alekseev213@nomail.test,proposal,00000014,00000014,2026-02-17T21:16:39Z,2026-02-18T21:16:39Z
0000000000000214,Тимофей,Лебедев,+79990002140,timofey.lebedev214@nomail.test,won,00000015,00000015,2026-02-18T21:23:42Z,2026-02-21T21:23:42Z
0000000000000215,Владислав,Семёнов,+79990002150,vladislav.semyonov215@nomail.test,lost,00000016,00000016,2026-02-19T21:30:45Z,2026-02-22T21:30:45Z
0000000000000216,Денис,Егоров,+79990002160,denis.egorov216@nomail.test,new,00000017,00000017,2026-02-20T21:37:48Z,2026-02-20T21:37:53Z
0000000000000217,Константин,Павлов,+79990002170,konstantin.pavlov217@nomail.test,qualified,00000018,00000018,2026-02-21T21:44:51Z,2026-02-24T10:30:40Z
0000000000000218,Виктор,Козлов,+79990002180,viktor.kozlov218@nomail.test,proposal,00000019,00000019,2026-02-22T21:51:54Z,2026-02-23T21:51:54Z
0000000000000219,Олег,Степанов,+79990002190,oleg.stepanov219@nomail.test,won,00000020,00000020,2026-02-23T21:58:57Z,2026-02-26T21:58:57Z
0000000000000220,Илья,Николаев,+79990002200,ilya.nikolaev220@nomail.test,lost,00000001,00000001,2026-02-24T22:06:00Z,2026-02-27T22:06:00Z
0000000000000221,Владимир,Орлов,+79990002210,vladimir.orlov221@nomail.test,new,00000002,00000002,2026-02-25T22:13:03Z,2026-02-25T22:13:08Z
0000000000000222,Мария,Антонов,+79990002220,maria.antonov222@nomail.test,qualified,00000003,00000003,2026-02-26T22:20:06Z,2026-02-27T02:20:06Z
0000000000000223,Елена,Тихонов,+79990002230,elena.tikhonov223@nomail.test,proposal,00000004,00000004,2026-02-27T22:27:09Z,2026-02-28T22:27:09Z
0000000000000224,Анна,Беляев,+79990002240,anna.belyaev224@nomail.test,won,00000005,00000005,2026-02-28T22:34:12Z,2026-03-03T22:34:12Z
0000000000000225,Ольга,Зайцев,+79990002250,olga.zaicev225@nomail.test,lost,00000006,00000006,2026-03-01T22:41:15Z,2026-03-04T22:41:15Z
0000000000000226,Наталья,Киселёв,+79990002260,natalya.kiselev226@nomail.test,new,00000007,00000007,2026-01-01T22:48:18Z,2026-01-01T22:48:23Z
0000000000000227,Татьяна,Григорьев,+79990002270,tatiana.grigorev227@nomail.test,qualified,00000008,00000008,2026-01-02T22:55:21Z,2026-01-04T04:55:21Z
0000000000000228,Юлия,Денисов,+79990002280,yulia.denisov228@nomail.test,proposal,00000009,00000009,2026-01-03T23:02:24Z,2026-01-04T23:02:24Z
0000000000000229,Светлана,Мартынов,+79990002290,svetlana.martynov229@nomail.test,won,00000010,00000010,2026-01-04T23:09:27Z,2026-01-07T23:09:27Z
0000000000000230,Ксения,Ершов,+79990002300,kseniya.ershov230@nomail.test,lost,00000011,00000011,2026-01-05T23:16:30Z,2026-01-08T23:16:30Z
0000000000000231,Виктория,Крылов,+79990002310,viktoria.krylov231@nomail.test,new,00000012,00000012,2026-01-06T23:23:33Z,2026-01-06T23:23:38Z
0000000000000232,Анастасия,Воробьёв,+79990002320,anastasia.vorobev232@nomail.test,qualified,00000013,00000013,2026-01-07T23:30:36Z,2026-01-09T03:30:36Z
0000000000000233,Полина,Котов,+79990002330,polina.kotov233@nomail.test,proposal,00000014,00000014,2026-01-08T23:37:39Z,2026-01-09T23:37:39Z
0000000000000234,Людмила,Беляков,+79990002340,lyudmila.belyakov234@nomail.test,won,00000015,00000015,2026-01-09T23:44:42Z,2026-01-12T23:44:42Z
0000000000000235,Галина,Савельев,+79990002350,galina.saveliev235@nomail.test,lost,00000016,00000016,2026-01-10T23:51:45Z,2026-01-13T23:51:45Z
0000000000000236,Марина,Макаров,+79990002360,marina.makarov236@nomail.test,new,00000017,00000017,2026-01-11T23:58:48Z,2026-01-11T23:58:53Z
0000000000000237,Ирина,Овчинников,+79990002370,irina.ovchinnikov237@nomail.test,qualified,00000018,00000018,2026-01-12T00:05:51Z,2026-01-12T04:05:51Z
0000000000000238,Зоя,Романов,+79990002380,zoya.romanov238@nomail.test,proposal,00000019,00000019,2026-01-13T00:12:54Z,2026-01-14T00:12:54Z
0000000000000239,София,Борисов,+79990002390,sofiya.borisov239@nomail.test,won,00000020,00000020,2026-01-14T00:19:57Z,2026-01-17T00:19:57Z
0000000000000240,Лидия,Медведев,+79990002400,lidiya.medvedev240@nomail.test,lost,00000001,00000001,2026-01-15T00:27:00Z,2026-01-18T00:27:00Z
0000000000000241,Айсулу,Захаров,+79990002410,aysulu.zaharov241@nomail.test,new,00000002,00000002,2026-01-16T00:34:03Z,2026-01-16T00:34:08Z
0000000000000242,Данияр,Тарасов,+79990002420,daniyar.tarasov242@nomail.test,qualified,00000003,00000003,2026-01-17T00:41:06Z,2026-01-17T04:41:06Z
0000000000000243,Рамазан,Комаров,+79990002430,ramazan.komarov243@nomail.test,proposal,00000004,00000004,2026-01-18T00:48:09Z,2026-01-19T00:48:09Z
0000000000000244,Руслан,Голубев,+79990002440,ruslan.golubev244@nomail.test,won,00000005,00000005,2026-01-19T00:55:12Z,2026-01-22T00:55:12Z
0000000000000245,Азамат,Курков,+79990002450,azamat.kurkov245@nomail.test,lost,00000006,00000006,2026-01-20T01:02:15Z,2026-01-23T01:02:15Z
0000000000000246,Тимур,Матвеев,+79990002460,timur.matveev246@nomail.test,new,00000007,00000007,2026-01-21T01:09:18Z,2026-01-21T01:09:23Z
0000000000000247,Магомед,Демидов,+79990002470,magomed.demidov247@nomail.test,qualified,00000008,00000008,2026-01-22T01:16:21Z,2026-01-22T05:16:21Z
0000000000000248,Шамиль,Никитин,+79990002480,shamil.nikitin248@nomail.test,proposal,00000009,00000009,2026-01-23T01:23:24Z,2026-01-24T01:23:24Z
0000000000000249,Булат,Прохоров,+79990002490,bulat.prokhorov249@nomail.test,won,00000010,00000010,2026-01-24T01:30:27Z,2026-01-27T01:30:27Z
0000000000000250,Арсен,Громов,+79990002500,arsen.gromov250@nomail.test,lost,00000011,00000011,2026-01-25T01:37:30Z,2026-01-28T01:37:30Z
0000000000000251,Салават,Сорокин,+79990002510,salavat.sorokin251@nomail.test,new,00000012,00000012,2026-01-26T01:44:33Z,2026-01-26T01:44:38Z
0000000000000252,Вячеслав,Моисеев,+79990002520,vyacheslav.moiseev252@nomail.test,qualified,00000013,00000013,2026-01-27T01:51:36Z,2026-01-27T05:51:36Z
0000000000000253,Степан,Царёв,+79990002530,stepan.tsarev253@nomail.test,proposal,00000014,00000014,2026-01-28T01:58:39Z,2026-01-29T01:58:39Z
0000000000000254,Богдан,Иванов,+79990002540,bogdan.ivanov254@nomail.test,won,00000015,00000015,2026-01-29T02:05:42Z,2026-02-01T02:05:42Z
0000000000000255,Аркадий,Смирнов,+79990002550,arkadiy.smirnov255@nomail.test,lost,00000016,00000016,2026-01-30T02:12:45Z,2026-02-02T02:12:45Z
0000000000000256,Эльвира,Кузнецов,+79990002560,elvira.kuznetsov256@nomail.test,new,00000017,00000017,2026-01-31T02:19:48Z,2026-01-31T02:19:53Z
0000000000000257,Ринат,Попов,+79990002570,rinat.popov257@nomail.test,qualified,00000018,00000018,2026-02-01T02:26:51Z,2026-02-01T06:26:51Z
0000000000000258,Рашид,Васильев,+79990002580,rashid.vasiliev258@nomail.test,proposal,00000019,00000019,2026-02-02T02:33:54Z,2026-02-03T02:33:54Z
0000000000000259,Марсель,Петров,+79990002590,marcel.petrov259@nomail.test,won,00000020,00000020,2026-02-03T02:40:57Z,2026-02-06T02:40:57Z
0000000000000260,Эльдар,Соколов,+79990002600,eldar.sokolov260@nomail.test,lost,00000001,00000001,2026-02-04T02:48:00Z,2026-02-07T02:48:00Z
0000000000000261,Нурлан,Михайлов,+79990002610,nurlan.mikhailov261@nomail.test,new,00000002,00000002,2026-02-05T02:55:03Z,2026-02-05T02:55:08Z
0000000000000262,Хан,Новиков,+79990002620,han.novikov262@nomail.test,qualified,00000003,00000003,2026-02-06T03:02:06Z,2026-02-06T07:02:06Z
0000000000000263,Саида,Фёдоров,+79990002630,saida.fedorov263@nomail.test,proposal,00000004,00000004,2026-02-07T03:09:09Z,2026-02-08T03:09:09Z
0000000000000264,Иннокентий,Морозов,+79990002640,innokentiy.morozov264@nomail.test,won,00000005,00000005,2026-02-08T03:16:12Z,2026-02-11T03:16:12Z
0000000000000265,Захар,Волков,+79990002650,zahar.volkov265@nomail.test,lost,00000006,00000006,2026-02-09T03:23:15Z,2026-02-12T03:23:15Z
0000000000000266,Матвей,Алексеев,+79990002660,matvey.alekseev266@nomail.test,new,00000007,00000007,2026-02-10T03:30:18Z,2026-02-10T03:30:23Z
0000000000000267,Савелий,Лебедев,+79990002670,saveliy.lebedev267@nomail.test,qualified,00000008,00000008,2026-02-11T03:37:21Z,2026-02-11T07:37:21Z
0000000000000268,Прохор,Семёнов,+79990002680,prokhor.semyonov268@nomail.test,proposal,00000009,00000009,2026-02-12T03:44:24Z,2026-02-13T03:44:24Z
0000000000000269,Глеб,Егоров,+79990002690,gleb.egorov269@nomail.test,won,00000010,00000010,2026-02-13T03:51:27Z,2026-02-16T03:51:27Z
0000000000000270,Кирилл,Павлов,+79990002700,kirill.pavlov270@nomail.test,lost,00000011,00000011,2026-02-14T03:58:30Z,2026-02-17T03:58:30Z
0000000000000271,Фёдор,Козлов,+79990002710,fedor.kozlov271@nomail.test,new,00000012,00000012,2026-02-15T04:05:33Z,2026-02-15T04:05:38Z
0000000000000272,Ефим,Степанов,+79990002720,efim.stepanov272@nomail.test,qualified,00000013,00000013,2026-02-16T04:12:36Z,2026-02-16T08:12:36Z
0000000000000273,Святослав,Николаев,+79990002730,svyatoslav.nikolaev273@nomail.test,proposal,00000014,00000014,2026-02-17T04:19:39Z,2026-02-18T04:19:39Z
0000000000000274,Лев,Орлов,+79990002740,lev.orlov274@nomail.test,won,00000015,00000015,2026-02-18T04:26:42Z,2026-02-21T04:26:42Z
0000000000000275,Артемий,Антонов,+79990002750,artemiy.antonov275@nomail.test,lost,00000016,00000016,2026-02-19T04:33:45Z,2026-02-22T04:33:45Z
0000000000000276,Назар,Тихонов,+79990002760,nazar.tikhonov276@nomail.test,new,00000017,00000017,2026-02-20T04:40:48Z,2026-02-20T04:40:53Z
0000000000000277,Данила,Беляев,+79990002770,danila.belyaev277@nomail.test,qualified,00000018,00000018,2026-02-21T04:47:51Z,2026-02-21T08:47:51Z
0000000000000278,Тарас,Зайцев,+79990002780,taras.zaicev278@nomail.test,proposal,00000019,00000019,2026-02-22T04:54:54Z,2026-02-23T04:54:54Z
0000000000000279,Ярослав,Киселёв,+79990002790,yaroslav.kiselev279@nomail.test,won,00000020,00000020,2026-02-23T05:01:57Z,2026-02-26T05:01:57Z
0000000000000280,Платон,Григорьев,+79990002800,platon.grigorev280@nomail.test,lost,00000001,00000001,2026-02-24T05:09:00Z,2026-02-27T05:09:00Z
0000000000000281,Мирон,Денисов,+79990002810,miron.denisov281@nomail.test,new,00000002,00000002,2026-02-25T05:16:03Z,2026-02-25T05:16:08Z
0000000000000282,Валерий,Мартынов,+79990002820,valeriy.martynov282@nomail.test,qualified,00000003,00000003,2026-02-26T05:23:06Z,2026-02-26T09:23:06Z
0000000000000283,Геннадий,Ершов,+79990002830,gennadiy.ershov283@nomail.test,proposal,00000004,00000004,2026-02-27T05:30:09Z,2026-02-28T05:30:09Z
0000000000000284,Алина,Крылов,+79990002840,alina.krylov284@nomail.test,won,00000005,00000005,2026-02-28T05:37:12Z,2026-03-03T05:37:12Z
0000000000000285,Валерия,Воробьёв,+79990002850,valeriya.vorobev285@nomail.test,lost,00000006,00000006,2026-03-01T05:44:15Z,2026-03-04T05:44:15Z
0000000000000286,Эмма,Котов,+79990002860,emma.kotov286@nomail.test,new,00000007,00000007,2026-01-01T05:51:18Z,2026-01-01T05:51:23Z
0000000000000287,Ангелина,Беляков,+79990002870,angelina.belyakov287@nomail.test,qualified,00000008,00000008,2026-01-02T05:58:21Z,2026-01-02T09:58:21Z
0000000000000288,Вера,Савельев,+79990002880,vera.saveliev288@nomail.test,proposal,00000009,00000009,2026-01-03T06:05:24Z,2026-01-04T06:05:24Z
0000000000000289,Надежда,Макаров,+79990002890,nadezhda.makarov289@nomail.test,won,00000010,00000010,2026-01-04T06:12:27Z,2026-01-07T06:12:27Z
0000000000000290,Лилия,Овчинников,+79990002900,liliya.ovchinnikov290@nomail.test,lost,00000011,00000011,2026-01-05T06:19:30Z,2026-01-08T06:19:30Z
0000000000000291,Сергей,Романов,+79990002910,sergey.romanov291@nomail.test,new,00000012,00000012,2026-01-06T06:26:33Z,2026-01-06T06:26:38Z
0000000000000292,Дмитрий,Борисов,+79990002920,dmitriy.borisov292@nomail.test,qualified,00000013,00000013,2026-01-07T06:33:36Z,2026-01-07T10:33:36Z
0000000000000293,Александр,Медведев,+79990002930,alexander.medvedev293@nomail.test,proposal,00000014,00000014,2026-01-08T06:40:39Z,2026-01-09T06:40:39Z
0000000000000294,Игорь,Захаров,+79990002940,igor.zaharov294@nomail.test,won,00000015,00000015,2026-01-09T06:47:42Z,2026-01-12T06:47:42Z
0000000000000295,Роман,Тарасов,+79990002950,roman.tarasov295@nomail.test,lost,00000016,00000016,2026-01-10T06:54:45Z,2026-01-13T06:54:45Z
0000000000000296,Олег,Комаров,+79990002960,oleg.komarov296@nomail.test,new,00000017,00000017,2026-01-11T07:01:48Z,2026-01-11T07:01:53Z
0000000000000297,Марк,Голубев,+79990002970,mark.golubev297@nomail.test,qualified,00000018,00000018,2026-01-12T07:08:51Z,2026-01-12T11:08:51Z
0000000000000298,Ренат,Курков,+79990002980,renat.kurkov298@nomail.test,proposal,00000019,00000019,2026-01-13T07:15:54Z,2026-01-14T07:15:54Z
0000000000000299,Артем,Матвеев,+79990002990,artem.matveev299@nomail.test,won,00000020,00000020,2026-01-14T07:22:57Z,2026-01-17T07:22:57Z
0000000000000300,Илья,Демидов,+79990003000,ilya.demidov300@nomail.test,lost,00000001,00000001,2026-01-15T07:30:00Z,2026-01-18T07:30:00Z
0000000000000301,Александр,Иванов,+79990003010,alexandr.ivanov301@nomail.test,new,00000002,00000002,2026-01-16T07:37:03Z,2026-01-16T07:37:08Z
0000000000000302,Дмитрий,Смирнов,+79990003020,dmitriy.smirnov302@nomail.test,qualified,00000003,00000003,2026-01-17T07:44:06Z,2026-01-17T11:44:06Z
0000000000000303,Максим,Кузнецов,+79990003030,maxim.kuznetsov303@nomail.test,proposal,00000004,00000004,2026-01-18T07:51:09Z,2026-01-19T07:51:09Z
0000000000000304,Иван,Попов,+79990003040,ivan.popov304@nomail.test,won,00000005,00000005,2026-01-19T07:58:12Z,2026-01-22T07:58:12Z
0000000000000305,Сергей,Васильев,+79990003050,sergey.vasiliev305@nomail.test,lost,00000006,00000006,2026-01-20T08:05:15Z,2026-01-23T08:05:15Z
0000000000000306,Андрей,Петров,+79990003060,andrey.petrov306@nomail.test,new,00000007,00000007,2026-01-21T08:12:18Z,2026-01-21T08:12:23Z
0000000000000307,Алексей,Соколов,+79990003070,aleksey.sokolov307@nomail.test,qualified,00000008,00000008,2026-01-22T08:19:21Z,2026-01-22T12:19:21Z
0000000000000308,Артём,Михайлов,+79990003080,artem.mikhailov308@nomail.test,proposal,00000009,00000009,2026-01-23T08:26:24Z,2026-01-24T08:26:24Z
0000000000000309,Михаил,Новиков,+79990003090,mikhail.novikov309@nomail.test,won,00000010,00000010,2026-01-24T08:33:27Z,2026-01-27T08:33:27Z
0000000000000310,Никита,Фёдоров,+79990003100,nikita.fedorov310@nomail.test,lost,00000011,00000011,2026-01-25T08:40:30Z,2026-01-28T08:40:30Z
0000000000000311,Роман,Морозов,+79990003110,roman.morozov311@nomail.test,new,00000012,00000012,2026-01-26T08:47:33Z,2026-01-26T08:47:38Z
0000000000000312,Егор,Волков,+79990003120,egor.volkov312@nomail.test,qualified,00000013,00000013,2026-01-27T08:54:36Z,2026-01-27T12:54:36Z
0000000000000313,Павел,Алексеев,+79990003130,pavel.alekseev313@nomail.test,proposal,00000014,00000014,2026-01-28T09:01:39Z,2026-01-29T09:01:39Z
0000000000000314,Тимофей,Лебедев,+79990003140,timofey.lebedev314@nomail.test,won,00000015,00000015,2026-01-29T09:08:42Z,2026-02-01T09:08:42Z
0000000000000315,Владислав,Семёнов,+79990003150,vladislav.semyonov315@nomail.test,lost,00000016,00000016,2026-01-30T09:15:45Z,2026-02-02T09:15:45Z
0000000000000316,Денис,Егоров,+79990003160,denis.egorov316@nomail.test,new,00000017,00000017,2026-01-31T09:22:48Z,2026-01-31T09:22:53Z
0000000000000317,Константин,Павлов,+79990003170,konstantin.pavlov317@nomail.test,qualified,00000018,00000018,2026-02-01T09:29:51Z,2026-02-01T13:29:51Z
0000000000000318,Виктор,Козлов,+79990003180,viktor.kozlov318@nomail.test,proposal,00000019,00000019,2026-02-02T09:36:54Z,2026-02-03T09:36:54Z
0000000000000319,Олег,Степанов,+79990003190,oleg.stepanov319@nomail.test,won,00000020,00000020,2026-02-03T09:43:57Z,2026-02-06T09:43:57Z
0000000000000320,Илья,Николаев,+79990003200,ilya.nikolaev320@nomail.test,lost,00000001,00000001,2026-02-04T09:51:00Z,2026-02-07T09:51:00Z
0000000000000321,Владимир,Орлов,+79990003210,vladimir.orlov321@nomail.test,new,00000002,00000002,2026-02-05T09:58:03Z,2026-02-05T09:58:08Z
0000000000000322,Мария,Антонов,+79990003220,maria.antonov322@nomail.test,qualified,00000003,00000003,2026-02-06T10:05:06Z,2026-02-06T14:05:06Z
0000000000000323,Елена,Тихонов,+79990003230,elena.tikhonov323@nomail.test,proposal,00000004,00000004,2026-02-07T10:12:09Z,2026-02-08T10:12:09Z
0000000000000324,Анна,Беляев,+79990003240,anna.belyaev324@nomail.test,won,00000005,00000005,2026-02-08T10:19:12Z,2026-02-11T10:19:12Z
0000000000000325,Ольга,Зайцев,+79990003250,olga.zaicev325@nomail.test,lost,00000006,00000006,2026-02-09T10:26:15Z,2026-02-12T10:26:15Z
0000000000000326,Наталья,Киселёв,+79990003260,natalya.kiselev326@nomail.test,new,00000007,00000007,2026-02-10T10:33:18Z,2026-02-10T10:33:23Z
0000000000000327,Татьяна,Григорьев,+79990003270,tatiana.grigorev327@nomail.test,qualified,00000008,00000008,2026-02-11T10:40:21Z,2026-02-11T14:40:21Z
0000000000000328,Юлия,Денисов,+79990003280,yulia.denisov328@nomail.test,proposal,00000009,00000009,2026-02-12T10:47:24Z,2026-02-13T10:47:24Z
0000000000000329,Светлана,Мартынов,+79990003290,svetlana.martynov329@nomail.test,won,00000010,00000010,2026-02-13T10:54:27Z,2026-02-16T10:54:27Z
0000000000000330,Ксения,Ершов,+79990003300,kseniya.ershov330@nomail.test,lost,00000011,00000011,2026-02-14T11:01:30Z,2026-02-17T11:01:30Z
0000000000000331,Виктория,Крылов,+79990003310,viktoria.krylov331@nomail.test,new,00000012,00000012,2026-02-15T11:08:33Z,2026-02-15T11:08:38Z
0000000000000332,Анастасия,Воробьёв,+79990003320,anastasia.vorobev332@nomail.test,qualified,00000013,00000013,2026-02-16T11:15:36Z,2026-02-16T15:15:36Z
0000000000000333,Полина,Котов,+79990003330,polina.kotov333@nomail.test,proposal,00000014,00000014,2026-02-17T11:22:39Z,2026-02-18T11:22:39Z
0000000000000334,Людмила,Беляков,+79990003340,lyudmila.belyakov334@nomail.test,won,00000015,00000015,2026-02-18T11:29:42Z,2026-02-21T11:29:42Z
0000000000000335,Галина,Савельев,+79990003350,galina.saveliev335@nomail.test,lost,00000016,00000016,2026-02-19T11:36:45Z,2026-02-22T11:36:45Z
0000000000000336,Марина,Макаров,+79990003360,marina.makarov336@nomail.test,new,00000017,00000017,2026-02-20T11:43:48Z,2026-02-20T11:43:53Z
0000000000000337,Ирина,Овчинников,+79990003370,irina.ovchinnikov337@nomail.test,qualified,00000018,00000018,2026-02-21T11:50:51Z,2026-02-21T15:50:51Z
0000000000000338,Зоя,Романов,+79990003380,zoya.romanov338@nomail.test,proposal,00000019,00000019,2026-02-22T11:57:54Z,2026-02-23T11:57:54Z
0000000000000339,София,Борисов,+79990003390,sofiya.borisov339@nomail.test,won,00000020,00000020,2026-02-23T12:04:57Z,2026-02-26T12:04:57Z
0000000000000340,Лидия,Медведев,+79990003400,lidiya.medvedev340@nomail.test,lost,00000001,00000001,2026-02-24T12:12:00Z,2026-02-27T12:12:00Z
0000000000000341,Айсулу,Захаров,+79990003410,aysulu.zaharov341@nomail.test,new,00000002,00000002,2026-02-25T12:19:03Z,2026-02-25T12:19:08Z
0000000000000342,Данияр,Тарасов,+79990003420,daniyar.tarasov342@nomail.test,qualified,00000003,00000003,2026-02-26T12:26:06Z,2026-02-26T16:26:06Z
0000000000000343,Рамазан,Комаров,+79990003430,ramazan.komarov343@nomail.test,proposal,00000004,00000004,2026-02-27T12:33:09Z,2026-02-28T12:33:09Z
0000000000000344,Руслан,Голубев,+79990003440,ruslan.golubev344@nomail.test,won,00000005,00000005,2026-02-28T12:40:12Z,2026-03-03T12:40:12Z
0000000000000345,Азамат,Курков,+79990003450,azamat.kurkov345@nomail.test,lost,00000006,00000006,2026-03-01T12:47:15Z,2026-03-04T12:47:15Z
0000000000000346,Тимур,Матвеев,+79990003460,timur.matveev346@nomail.test,new,00000007,00000007,2026-01-01T12:54:18Z,2026-01-01T12:54:23Z
0000000000000347,Магомед,Демидов,+79990003470,magomed.demidov347@nomail.test,qualified,00000008,00000008,2026-01-02T13:01:21Z,2026-01-02T17:01:21Z
0000000000000348,Шамиль,Никитин,+79990003480,shamil.nikitin348@nomail.test,proposal,00000009,00000009,2026-01-03T13:08:24Z,2026-01-04T13:08:24Z
0000000000000349,Булат,Прохоров,+79990003490,bulat.prokhorov349@nomail.test,won,00000010,00000010,2026-01-04T13:15:27Z,2026-01-07T13:15:27Z
0000000000000350,Арсен,Громов,+79990003500,arsen.gromov350@nomail.test,lost,00000011,00000011,2026-01-05T13:22:30Z,2026-01-08T13:22:30Z
0000000000000351,Салават,Сорокин,+79990003510,salavat.sorokin351@nomail.test,new,00000012,00000012,2026-01-06T13:29:33Z,2026-01-06T13:29:38Z
0000000000000352,Вячеслав,Моисеев,+79990003520,vyacheslav.moiseev352@nomail.test,qualified,00000013,00000013,2026-01-07T13:36:36Z,2026-01-07T17:36:36Z
0000000000000353,Степан,Царёв,+79990003530,stepan.tsarev353@nomail.test,proposal,00000014,00000014,2026-01-08T13:43:39Z,2026-01-09T13:43:39Z
0000000000000354,Богдан,Иванов,+79990003540,bogdan.ivanov354@nomail.test,won,00000015,00000015,2026-01-09T13:50:42Z,2026-01-12T13:50:42Z
0000000000000355,Аркадий,Смирнов,+79990003550,arkadiy.smirnov355@nomail.test,lost,00000016,00000016,2026-01-10T13:57:45Z,2026-01-13T13:57:45Z
0000000000000356,Эльвира,Кузнецов,+79990003560,elvira.kuznetsov356@nomail.test,new,00000017,00000017,2026-01-11T14:04:48Z,2026-01-11T14:04:53Z
0000000000000357,Ринат,Попов,+79990003570,rinat.popov357@nomail.test,qualified,00000018,00000018,2026-01-12T14:11:51Z,2026-01-12T18:11:51Z
0000000000000358,Рашид,Васильев,+79990003580,rashid.vasiliev358@nomail.test,proposal,00000019,00000019,2026-01-13T14:18:54Z,2026-01-14T14:18:54Z
0000000000000359,Марсель,Петров,+79990003590,marcel.petrov359@nomail.test,won,00000020,00000020,2026-01-14T14:25:57Z,2026-01-17T14:25:57Z
0000000000000360,Эльдар,Соколов,+79990003600,eldar.sokolov360@nomail.test,lost,00000001,00000001,2026-01-15T14:33:00Z,2026-01-18T14:33:00Z
0000000000000361,Нурлан,Михайлов,+79990003610,nurlan.mikhailov361@nomail.test,new,00000002,00000002,2026-01-16T14:40:03Z,2026-01-16T14:40:08Z
0000000000000362,Хан,Новиков,+79990003620,han.novikov362@nomail.test,qualified,00000003,00000003,2026-01-17T14:47:06Z,2026-01-17T18:47:06Z
0000000000000363,Саида,Фёдоров,+79990003630,saida.fedorov363@nomail.test,proposal,00000004,00000004,2026-01-18T14:54:09Z,2026-01-19T14:54:09Z
0000000000000364,Иннокентий,Морозов,+79990003640,innokentiy.morozov364@nomail.test,won,00000005,00000005,2026-01-19T15:01:12Z,2026-01-22T15:01:12Z
0000000000000365,Захар,Волков,+79990003650,zahar.volkov365@nomail.test,lost,00000006,00000006,2026-01-20T15:08:15Z,2026-01-23T15:08:15Z
0000000000000366,Матвей,Алексеев,+79990003660,matvey.alekseev366@nomail.test,new,00000007,00000007,2026-01-21T15:15:18Z,2026-01-21T15:15:23Z
0000000000000367,Савелий,Лебедев,+79990003670,saveliy.lebedev367@nomail.test,qualified,00000008,00000008,2026-01-22T15:22:21Z,2026-01-22T19:22:21Z
0000000000000368,Прохор,Семёнов,+79990003680,prokhor.semyonov368@nomail.test,proposal,00000009,00000009,2026-01-23T15:29:24Z,2026-01-24T15:29:24Z
0000000000000369,Глеб,Егоров,+79990003690,gleb.egorov369@nomail.test,won,00000010,00000010,2026-01-24T15:36:27Z,2026-01-27T15:36:27Z
0000000000000370,Кирилл,Павлов,+79990003700,kirill.pavlov370@nomail.test,lost,00000011,00000011,2026-01-25T15:43:30Z,2026-01-28T15:43:30Z
0000000000000371,Фёдор,Козлов,+79990003710,fedor.kozlov371@nomail.test,new,00000012,00000012,2026-01-26T15:50:33Z,2026-01-26T15:50:38Z
0000000000000372,Ефим,Степанов,+79990003720,efim.stepanov372@nomail.test,qualified,00000013,00000013,2026-01-27T15:57:36Z,2026-01-27T19:57:36Z
0000000000000373,Святослав,Николаев,+79990003730,svyatoslav.nikolaev373@nomail.test,proposal,00000014,00000014,2026-01-28T16:04:39Z,2026-01-29T16:04:39Z
0000000000000374,Лев,Орлов,+79990003740,lev.orlov374@nomail.test,won,00000015,00000015,2026-01-29T16:11:42Z,2026-02-01T16:11:42Z
0000000000000375,Артемий,Антонов,+79990003750,artemiy.antonov375@nomail.test,lost,00000016,00000016,2026-01-30T16:18:45Z,2026-02-02T16:18:45Z
0000000000000376,Назар,Тихонов,+79990003760,nazar.tikhonov376@nomail.test,new,00000017,00000017,2026-01-31T16:25:48Z,2026-01-31T16:25:53Z
0000000000000377,Данила,Беляев,+79990003770,danila.belyaev377@nomail.test,qualified,00000018,00000018,2026-02-01T16:32:51Z,2026-02-01T20:32:51Z
0000000000000378,Тарас,Зайцев,+79990003780,taras.zaicev378@nomail.test,proposal,00000019,00000019,2026-02-02T16:39:54Z,2026-02-03T16:39:54Z
0000000000000379,Ярослав,Киселёв,+79990003790,yaroslav.kiselev379@nomail.test,won,00000020,00000020,2026-02-03T16:46:57Z,2026-02-06T16:46:57Z
0000000000000380,Платон,Григорьев,+79990003800,platon.grigorev380@nomail.test,lost,00000001,00000001,2026-02-04T16:54:00Z,2026-02-07T16:54:00Z
0000000000000381,Мирон,Денисов,+79990003810,miron.denisov381@nomail.test,new,00000002,00000002,2026-02-05T17:01:03Z,2026-02-05T17:01:08Z
0000000000000382,Валерий,Мартынов,+79990003820,valeriy.martynov382@nomail.test,qualified,00000003,00000003,2026-02-06T17:08:06Z,2026-02-06T21:08:06Z
0000000000000383,Геннадий,Ершов,+79990003830,gennadiy.ershov383@nomail.test,proposal,00000004,00000004,2026-02-07T17:15:09Z,2026-02-08T17:15:09Z
0000000000000384,Алина,Крылов,+79990003840,alina.krylov384@nomail.test,won,00000005,00000005,2026-02-08T17:22:12Z,2026-02-11T17:22:12Z
0000000000000385,Валерия,Воробьёв,+79990003850,valeriya.vorobev385@nomail.test,lost,00000006,00000006,2026-02-09T17:29:15Z,2026-02-12T17:29:15Z
0000000000000386,Эмма,Котов,+79990003860,emma.kotov386@nomail.test,new,00000007,00000007,2026-02-10T17:36:18Z,2026-02-10T17:36:23Z
0000000000000387,Ангелина,Беляков,+79990003870,angelina.belyakov387@nomail.test,qualified,00000008,00000008,2026-02-11T17:43:21Z,2026-02-11T21:43:21Z
0000000000000388,Вера,Савельев,+79990003880,vera.saveliev388@nomail.test,proposal,00000009,00000009,2026-02-12T17:50:24Z,2026-02-13T17:50:24Z
0000000000000389,Надежда,Макаров,+79990003890,nadezhda.makarov389@nomail.test,won,00000010,00000010,2026-02-13T17:57:27Z,2026-02-16T17:57:27Z
0000000000000390,Лилия,Овчинников,+79990003900,liliya.ovchinnikov390@nomail.test,lost,00000011,00000011,2026-02-14T18:04:30Z,2026-02-17T18:04:30Z
0000000000000391,Сергей,Романов,+79990003910,sergey.romanov391@nomail.test,new,00000012,00000012,2026-02-15T18:11:33Z,2026-02-15T18:11:38Z
0000000000000392,Дмитрий,Борисов,+79990003920,dmitriy.borisov392@nomail.test,qualified,00000013,00000013,2026-02-16T18:18:36Z,2026-02-16T22:18:36Z
0000000000000393,Александр,Медведев,+79990003930,alexander.medvedev393@nomail.test,proposal,00000014,00000014,2026-02-17T18:25:39Z,2026-02-18T18:25:39Z
0000000000000394,Игорь,Захаров,+79990003940,igor.zaharov394@nomail.test,won,00000015,00000015,2026-02-18T18:32:42Z,2026-02-21T18:32:42Z
0000000000000395,Роман,Тарасов,+79990003950,roman.tarasov395@nomail.test,lost,00000016,00000016,2026-02-19T18:39:45Z,2026-02-22T18:39:45Z
0000000000000396,Олег,Комаров,+79990003960,oleg.komarov396@nomail.test,new,00000017,00000017,2026-02-20T18:46:48Z,2026-02-20T18:46:53Z
0000000000000397,Марк,Голубев,+79990003970,mark.golubev397@nomail.test,qualified,00000018,00000018,2026-02-21T18:53:51Z,2026-02-21T22:53:51Z
0000000000000398,Ренат,Курков,+79990003980,renat.kurkov398@nomail.test,proposal,00000019,00000019,2026-02-22T19:00:54Z,2026-02-23T19:00:54Z
0000000000000399,Артем,Матвеев,+79990003990,artem.matveev399@nomail.test,won,00000020,00000020,2026-02-23T19:07:57Z,2026-02-26T19:07:57Z
0000000000000400,Илья,Демидов,+79990004000,ilya.demidov400@nomail.test,lost,00000001,00000001,2026-02-24T19:15:00Z,2026-02-27T19:15:00Z
0000000000000401,Александр,Иванов,+79990004010,alexandr.ivanov401@nomail.test,new,00000002,00000002,2026-02-25T19:22:03Z,2026-02-25T19:22:08Z
0000000000000402,Дмитрий,Смирнов,+79990004020,dmitriy.smirnov402@nomail.test,qualified,00000003,00000003,2026-02-26T19:29:06Z,2026-02-26T23:29:06Z
0000000000000403,Максим,Кузнецов,+79990004030,maxim.kuznetsov403@nomail.test,proposal,00000004,00000004,2026-02-27T19:36:09Z,2026-02-28T19:36:09Z
0000000000000404,Иван,Попов,+79990004040,ivan.popov404@nomail.test,won,00000005,00000005,2026-02-28T19:43:12Z,2026-03-03T19:43:12Z
0000000000000405,Сергей,Васильев,+79990004050,sergey.vasiliev405@nomail.test,lost,00000006,00000006,2026-03-01T19:50:15Z,2026-03-04T19:50:15Z
0000000000000406,Андрей,Петров,+79990004060,andrey.petrov406@nomail.test,new,00000007,00000007,2026-01-01T19:57:18Z,2026-01-01T19:57:23Z
0000000000000407,Алексей,Соколов,+79990004070,aleksey.sokolov407@nomail.test,qualified,00000008,00000008,2026-01-02T20:04:21Z,2026-01-04T00:04:21Z
0000000000000408,Артём,Михайлов,+79990004080,artem.mikhailov408@nomail.test,proposal,00000009,00000009,2026-01-03T20:11:24Z,2026-01-04T20:11:24Z
0000000000000409,Михаил,Новиков,+79990004090,mikhail.novikov409@nomail.test,won,00000010,00000010,2026-01-04T20:18:27Z,2026-01-07T20:18:27Z
0000000000000410,Никита,Фёдоров,+79990004100,nikita.fedorov410@nomail.test,lost,00000011,00000011,2026-01-05T20:25:30Z,2026-01-08T20:25:30Z
0000000000000411,Роман,Морозов,+79990004110,roman.morozov411@nomail.test,new,00000012,00000012,2026-01-06T20:32:33Z,2026-01-06T20:32:38Z
0000000000000412,Егор,Волков,+79990004120,egor.volkov412@nomail.test,qualified,00000013,00000013,2026-01-07T20:39:36Z,2026-01-09T00:39:36Z
0000000000000413,Павел,Алексеев,+79990004130,pavel.alekseev413@nomail.test,proposal,00000014,00000014,2026-01-08T20:46:39Z,2026-01-09T20:46:39Z
0000000000000414,Тимофей,Лебедев,+79990004140,timofey.lebedev414@nomail.test,won,00000015,00000015,2026-01-09T20:53:42Z,2026-01-12T20:53:42Z
0000000000000415,Владислав,Семёнов,+79990004150,vladislav.semyonov415@nomail.test,lost,00000016,00000016,2026-01-10T21:00:45Z,2026-01-13T21:00:45Z
0000000000000416,Денис,Егоров,+79990004160,denis.egorov416@nomail.test,new,00000017,00000017,2026-01-11T21:07:48Z,2026-01-11T21:07:53Z
0000000000000417,Константин,Павлов,+79990004170,konstantin.pavlov417@nomail.test,qualified,00000018,00000018,2026-01-12T21:14:51Z,2026-01-14T01:14:51Z
0000000000000418,Виктор,Козлов,+79990004180,viktor.kozlov418@nomail.test,proposal,00000019,00000019,2026-01-13T21:21:54Z,2026-01-14T21:21:54Z
0000000000000419,Олег,Степанов,+79990004190,oleg.stepanov419@nomail.test,won,00000020,00000020,2026-01-14T21:28:57Z,2026-01-17T21:28:57Z
0000000000000420,Илья,Николаев,+79990004200,ilya.nikolaev420@nomail.test,lost,00000001,00000001,2026-01-15T21:36:00Z,2026-01-18T21:36:00Z
0000000000000421,Владимир,Орлов,+79990004210,vladimir.orlov421@nomail.test,new,00000002,00000002,2026-01-16T21:43:03Z,2026-01-16T21:43:08Z
0000000000000422,Мария,Антонов,+79990004220,maria.antonov422@nomail.test,qualified,00000003,00000003,2026-01-17T21:50:06Z,2026-01-19T01:50:06Z
0000000000000423,Елена,Тихонов,+79990004230,elena.tikhonov423@nomail.test,proposal,00000004,00000004,2026-01-18T21:57:09Z,2026-01-19T21:57:09Z
0000000000000424,Анна,Беляев,+79990004240,anna.belyaev424@nomail.test,won,00000005,00000005,2026-01-19T22:04:12Z,2026-01-22T22:04:12Z
0000000000000425,Ольга,Зайцев,+79990004250,olga.zaicev425@nomail.test,lost,00000006,00000006,2026-01-20T22:11:15Z,2026-01-23T22:11:15Z
0000000000000426,Наталья,Киселёв,+79990004260,natalya.kiselev426@nomail.test,new,00000007,00000007,2026-01-21T22:18:18Z,2026-01-21T22:18:23Z
0000000000000427,Татьяна,Григорьев,+79990004270,tatiana.grigorev427@nomail.test,qualified,00000008,00000008,2026-01-22T22:25:21Z,2026-01-25T02:25:21Z
0000000000000428,Юлия,Денисов,+79990004280,yulia.denisov428@nomail.test,proposal,00000009,00000009,2026-01-23T22:32:24Z,2026-01-24T22:32:24Z
0000000000000429,Светлана,Мартынов,+79990004290,svetlana.martynov429@nomail.test,won,00000010,00000010,2026-01-24T22:39:27Z,2026-01-27T22:39:27Z
0000000000000430,Ксения,Ершов,+79990004300,kseniya.ershov430@nomail.test,lost,00000011,00000011,2026-01-25T22:46:30Z,2026-01-28T22:46:30Z
0000000000000431,Виктория,Крылов,+79990004310,viktoria.krylov431@nomail.test,new,00000012,00000012,2026-01-26T22:53:33Z,2026-01-26T22:53:38Z
0000000000000432,Анастасия,Воробьёв,+79990004320,anastasia.vorobev432@nomail.test,qualified,00000013,00000013,2026-01-27T23:00:36Z,2026-01-29T03:00:36Z
0000000000000433,Полина,Котов,+79990004330,polina.kotov433@nomail.test,proposal,00000014,00000014,2026-01-28T23:07:39Z,2026-01-29T23:07:39Z
0000000000000434,Людмила,Беляков,+79990004340,lyudmila.belyakov434@nomail.test,won,00000015,00000015,2026-01-29T23:14:42Z,2026-02-01T23:14:42Z
0000000000000435,Галина,Савельев,+79990004350,galina.saveliev435@nomail.test,lost,00000016,00000016,2026-01-30T23:21:45Z,2026-02-02T23:21:45Z
0000000000000436,Марина,Макаров,+79990004360,marina.makarov436@nomail.test,new,00000017,00000017,2026-01-31T23:28:48Z,2026-01-31T23:28:53Z
0000000000000437,Ирина,Овчинников,+79990004370,irina.ovchinnikov437@nomail.test,qualified,00000018,00000018,2026-02-01T23:35:51Z,2026-02-02T03:35:51Z
0000000000000438,Зоя,Романов,+79990004380,zoya.romanov438@nomail.test,proposal,00000019,00000019,2026-02-02T23:42:54Z,2026-02-03T23:42:54Z
0000000000000439,София,Борисов,+79990004390,sofiya.borisov439@nomail.test,won,00000020,00000020,2026-02-03T23:49:57Z,2026-02-06T23:49:57Z
0000000000000440,Лидия,Медведев,+79990004400,lidiya.medvedev440@nomail.test,lost,00000001,00000001,2026-02-04T23:57:00Z,2026-02-07T23:57:00Z
0000000000000441,Айсулу,Захаров,+79990004410,aysulu.zaharov441@nomail.test,new,00000002,00000002,2026-02-05T23:04:03Z,2026-02-05T23:04:08Z
0000000000000442,Данияр,Тарасов,+79990004420,daniyar.tarasov442@nomail.test,qualified,00000003,00000003,2026-02-06T23:11:06Z,2026-02-07T03:11:06Z
0000000000000443,Рамазан,Комаров,+79990004430,ramazan.komarov443@nomail.test,proposal,00000004,00000004,2026-02-07T23:18:09Z,2026-02-08T23:18:09Z
0000000000000444,Руслан,Голубев,+79990004440,ruslan.golubev444@nomail.test,won,00000005,00000005,2026-02-08T23:25:12Z,2026-02-11T23:25:12Z
0000000000000445,Азамат,Курков,+79990004450,azamat.kurkov445@nomail.test,lost,00000006,00000006,2026-02-09T23:32:15Z,2026-02-12T23:32:15Z
0000000000000446,Тимур,Матвеев,+79990004460,timur.matveev446@nomail.test,new,00000007,00000007,2026-02-10T23:39:18Z,2026-02-10T23:39:23Z
0000000000000447,Магомед,Демидов,+79990004470,magomed.demidov447@nomail.test,qualified,00000008,00000008,2026-02-11T23:46:21Z,2026-02-12T03:46:21Z
0000000000000448,Шамиль,Никитин,+79990004480,shamil.nikitin448@nomail.test,proposal,00000009,00000009,2026-02-12T23:53:24Z,2026-02-13T23:53:24Z
0000000000000449,Булат,Прохоров,+79990004490,bulat.prokhorov449@nomail.test,won,00000010,00000010,2026-02-13T23:40:27Z,2026-02-16T23:40:27Z
0000000000000450,Арсен,Громов,+79990004500,arsen.gromov450@nomail.test,lost,00000011,00000011,2026-02-14T00:07:30Z,2026-02-17T00:07:30Z
0000000000000451,Салават,Сорокин,+79990004510,salavat.sorokin451@nomail.test,new,00000012,00000012,2026-02-15T00:14:33Z,2026-02-15T00:14:38Z
0000000000000452,Вячеслав,Моисеев,+79990004520,vyacheslav.moiseev452@nomail.test,qualified,00000013,00000013,2026-02-16T00:21:36Z,2026-02-16T04:21:36Z
0000000000000453,Степан,Царёв,+79990004530,stepan.tsarev453@nomail.test,proposal,00000014,00000014,2026-02-17T00:28:39Z,2026-02-18T00:28:39Z
0000000000000454,Богдан,Иванов,+79990004540,bogdan.ivanov454@nomail.test,won,00000015,00000015,2026-02-18T00:35:42Z,2026-02-21T00:35:42Z
0000000000000455,Аркадий,Смирнов,+79990004550,arkadiy.smirnov455@nomail.test,lost,00000016,00000016,2026-02-19T00:42:45Z,2026-02-22T00:42:45Z
0000000000000456,Эльвира,Кузнецов,+79990004560,elvira.kuznetsov456@nomail.test,new,00000017,00000017,2026-02-20T00:49:48Z,2026-02-20T00:49:53Z
0000000000000457,Ринат,Попов,+79990004570,rinat.popov457@nomail.test,qualified,00000018,00000018,2026-02-21T00:56:51Z,2026-02-21T04:56:51Z
0000000000000458,Рашид,Васильев,+79990004580,rashid.vasiliev458@nomail.test,proposal,00000019,00000019,2026-02-22T01:03:54Z,2026-02-23T01:03:54Z
0000000000000459,Марсель,Петров,+79990004590,marcel.petrov459@nomail.test,won,00000020,00000020,2026-02-23T01:10:57Z,2026-02-26T01:10:57Z
0000000000000460,Эльдар,Соколов,+79990004600,eldar.sokolov460@nomail.test,lost,00000001,00000001,2026-02-24T01:18:00Z,2026-02-27T01:18:00Z
0000000000000461,Нурлан,Михайлов,+79990004610,nurlan.mikhailov461@nomail.test,new,00000002,00000002,2026-02-25T01:25:03Z,2026-02-25T01:25:08Z
0000000000000462,Хан,Новиков,+79990004620,han.novikov462@nomail.test,qualified,00000003,00000003,2026-02-26T01:32:06Z,2026-02-26T05:32:06Z
0000000000000463,Саида,Фёдоров,+79990004630,saida.fedorov463@nomail.test,proposal,00000004,00000004,2026-02-27T01:39:09Z,2026-02-28T01:39:09Z
0000000000000464,Иннокентий,Морозов,+79990004640,innokentiy.morozov464@nomail.test,won,00000005,00000005,2026-02-28T01:46:12Z,2026-03-03T01:46:12Z
0000000000000465,Захар,Волков,+79990004650,zahar.volkov465@nomail.test,lost,00000006,00000006,2026-03-01T01:53:15Z,2026-03-04T01:53:15Z
0000000000000466,Матвей,Алексеев,+79990004660,matvey.alekseev466@nomail.test,new,00000007,00000007,2026-01-01T02:00:18Z,2026-01-01T02:00:23Z
0000000000000467,Савелий,Лебедев,+79990004670,saveliy.lebedev467@nomail.test,qualified,00000008,00000008,2026-01-02T02:07:21Z,2026-01-02T06:07:21Z
0000000000000468,Прохор,Семёнов,+79990004680,prokhor.semyonov468@nomail.test,proposal,00000009,00000009,2026-01-03T02:14:24Z,2026-01-04T02:14:24Z
0000000000000469,Глеб,Егоров,+79990004690,gleb.egorov469@nomail.test,won,00000010,00000010,2026-01-04T02:21:27Z,2026-01-07T02:21:27Z
0000000000000470,Кирилл,Павлов,+79990004700,kirill.pavlov470@nomail.test,lost,00000011,00000011,2026-01-05T02:28:30Z,2026-01-08T02:28:30Z
0000000000000471,Фёдор,Козлов,+79990004710,fedor.kozlov471@nomail.test,new,00000012,00000012,2026-01-06T02:35:33Z,2026-01-06T02:35:38Z
0000000000000472,Ефим,Степанов,+79990004720,efim.stepanov472@nomail.test,qualified,00000013,00000013,2026-01-07T02:42:36Z,2026-01-07T06:42:36Z
0000000000000473,Святослав,Николаев,+79990004730,svyatoslav.nikolaev473@nomail.test,proposal,00000014,00000014,2026-01-08T02:49:39Z,2026-01-09T02:49:39Z
0000000000000474,Лев,Орлов,+79990004740,lev.orlov474@nomail.test,won,00000015,00000015,2026-01-09T02:56:42Z,2026-01-12T02:56:42Z
0000000000000475,Артемий,Антонов,+79990004750,artemiy.antonov475@nomail.test,lost,00000016,00000016,2026-01-10T03:03:45Z,2026-01-13T03:03:45Z
0000000000000476,Назар,Тихонов,+79990004760,nazar.tikhonov476@nomail.test,new,00000017,00000017,2026-01-11T03:10:48Z,2026-01-11T03:10:53Z
0000000000000477,Данила,Беляев,+79990004770,danila.belyaev477@nomail.test,qualified,00000018,00000018,2026-01-12T03:17:51Z,2026-01-12T07:17:51Z
0000000000000478,Тарас,Зайцев,+79990004780,taras.zaicev478@nomail.test,proposal,00000019,00000019,2026-01-13T03:24:54Z,2026-01-14T03:24:54Z
0000000000000479,Ярослав,Киселёв,+79990004790,yaroslav.kiselev479@nomail.test,won,00000020,00000020,2026-01-14T03:31:57Z,2026-01-17T03:31:57Z
0000000000000480,Платон,Григорьев,+79990004800,platon.grigorev480@nomail.test,lost,00000001,00000001,2026-01-15T03:39:00Z,2026-01-18T03:39:00Z
0000000000000481,Мирон,Денисов,+79990004810,miron.denisov481@nomail.test,new,00000002,00000002,2026-01-16T03:46:03Z,2026-01-16T03:46:08Z
0000000000000482,Валерий,Мартынов,+79990004820,valeriy.martynov482@nomail.test,qualified,00000003,00000003,2026-01-17T03:53:06Z,2026-01-17T07:53:06Z
0000000000000483,Геннадий,Ершов,+79990004830,gennadiy.ershov483@nomail.test,proposal,00000004,00000004,2026-01-18T04:00:09Z,2026-01-19T04:00:09Z
0000000000000484,Алина,Крылов,+79990004840,alina.krylov484@nomail.test,won,00000005,00000005,2026-01-19T04:07:12Z,2026-01-22T04:07:12Z
0000000000000485,Валерия,Воробьёв,+79990004850,valeriya.vorobev485@nomail.test,lost,00000006,00000006,2026-01-20T04:14:15Z,2026-01-23T04:14:15Z
0000000000000486,Эмма,Котов,+79990004860,emma.kotov486@nomail.test,new,00000007,00000007,2026-01-21T04:21:18Z,2026-01-21T04:21:23Z
0000000000000487,Ангелина,Беляков,+79990004870,angelina.belyakov487@nomail.test,qualified,00000008,00000008,2026-01-22T04:28:21Z,2026-01-22T08:28:21Z
0000000000000488,Вера,Савельев,+79990004880,vera.saveliev488@nomail.test,proposal,00000009,00000009,2026-01-23T04:35:24Z,2026-01-24T04:35:24Z
0000000000000489,Надежда,Макаров,+79990004890,nadezhda.makarov489@nomail.test,won,00000010,00000010,2026-01-24T04:42:27Z,2026-01-27T04:42:27Z
0000000000000490,Лилия,Овчинников,+79990004900,liliya.ovchinnikov490@nomail.test,lost,00000011,00000011,2026-01-25T04:49:30Z,2026-01-28T04:49:30Z
0000000000000491,Сергей,Романов,+79990004910,sergey.romanov491@nomail.test,new,00000012,00000012,2026-01-26T04:56:33Z,2026-01-26T04:56:38Z
0000000000000492,Дмитрий,Борисов,+79990004920,dmitriy.borisov492@nomail.test,qualified,00000013,00000013,2026-01-27T05:03:36Z,2026-01-27T09:03:36Z
0000000000000493,Александр,Медведев,+79990004930,alexander.medvedev493@nomail.test,proposal,00000014,00000014,2026-01-28T05:10:39Z,2026-01-29T05:10:39Z
0000000000000494,Игорь,Захаров,+79990004940,igor.zaharov494@nomail.test,won,00000015,00000015,2026-01-29T05:17:42Z,2026-02-01T05:17:42Z
0000000000000495,Роман,Тарасов,+79990004950,roman.tarasov495@nomail.test,lost,00000016,00000016,2026-01-30T05:24:45Z,2026-02-02T05:24:45Z
0000000000000496,Олег,Комаров,+79990004960,oleg.komarov496@nomail.test,new,00000017,00000017,2026-01-31T05:31:48Z,2026-01-31T05:31:53Z
0000000000000497,Марк,Голубев,+79990004970,mark.golubev497@nomail.test,qualified,00000018,00000018,2026-02-01T05:38:51Z,2026-02-01T09:38:51Z
0000000000000498,Ренат,Курков,+79990004980,renat.kurkov498@nomail.test,proposal,00000019,00000019,2026-02-02T05:45:54Z,2026-02-03T05:45:54Z
0000000000000499,Артем,Матвеев,+79990004990,artem.matveev499@nomail.test,won,00000020,00000020,2026-02-03T05:52:57Z,2026-02-06T05:52:57Z
0000000000000500,Илья,Демидов,+79990005000,ilya.demidov500@nomail.test,lost,00000001,00000001,2026-02-04T06:00:00Z,2026-02-07T06:00:00Z
