leadId,stage,enteredAt,leftAt
0000000000000101,new,2026-01-01T08:07:03Z,null
0000000000000102,new,2026-01-02T08:14:06Z,2026-01-03T08:14:06Z
0000000000000102,qualified,2026-01-03T08:14:06Z,null
0000000000000103,new,2026-01-03T08:21:09Z,2026-01-04T08:21:09Z
0000000000000103,qualified,2026-01-04T08:21:09Z,2026-01-05T08:21:09Z
0000000000000103,proposal,2026-01-05T08:21:09Z,null
0000000000000104,new,2026-01-04T08:28:12Z,2026-01-05T08:28:12Z
0000000000000104,qualified,2026-01-05T08:28:12Z,2026-01-06T08:28:12Z
0000000000000104,proposal,2026-01-06T08:28:12Z,2026-01-07T08:28:12Z
0000000000000104,won,2026-01-07T08:28:12Z,null
0000000000000105,new,2026-01-05T08:35:15Z,2026-01-06T08:35:15Z
0000000000000105,qualified,2026-01-06T08:35:15Z,2026-01-07T08:35:15Z
0000000000000105,proposal,2026-01-07T08:35:15Z,2026-01-08T08:35:15Z
0000000000000105,lost,2026-01-08T08:35:15Z,null
0000000000000106,new,2026-01-06T08:42:18Z,null
0000000000000107,new,2026-01-07T08:49:21Z,2026-01-08T08:49:21Z
0000000000000107,qualified,2026-01-08T08:49:21Z,null
0000000000000108,new,2026-01-08T08:56:24Z,2026-01-09T08:56:24Z
0000000000000108,qualified,2026-01-09T08:56:24Z,2026-01-10T08:56:24Z
0000000000000108,proposal,2026-01-10T08:56:24Z,null
0000000000000109,new,2026-01-09T09:03:27Z,2026-01-10T09:03:27Z
0000000000000109,qualified,2026-01-10T09:03:27Z,2026-01-11T09:03:27Z
0000000000000109,proposal,2026-01-11T09:03:27Z,2026-01-12T09:03:27Z
0000000000000109,won,2026-01-12T09:03:27Z,null
0000000000000110,new,2026-01-10T09:10:30Z,2026-01-11T09:10:30Z
0000000000000110,qualified,2026-01-11T09:10:30Z,2026-01-12T09:10:30Z
0000000000000110,proposal,2026-01-12T09:10:30Z,2026-01-13T09:10:30Z
0000000000000110,lost,2026-01-13T09:10:30Z,null
0000000000000111,new,2026-01-11T09:17:33Z,null
0000000000000112,new,2026-01-12T09:24:36Z,2026-01-13T09:24:36Z
0000000000000112,qualified,2026-01-13T09:24:36Z,null
0000000000000113,new,2026-01-13T09:31:39Z,2026-01-14T09:31:39Z
0000000000000113,qualified,2026-01-14T09:31:39Z,2026-01-15T09:31:39Z
0000000000000113,proposal,2026-01-15T09:31:39Z,null
0000000000000114,new,2026-01-14T09:38:42Z,2026-01-15T09:38:42Z
0000000000000114,qualified,2026-01-15T09:38:42Z,2026-01-16T09:38:42Z
0000000000000114,proposal,2026-01-16T09:38:42Z,2026-01-17T09:38:42Z
0000000000000114,won,2026-01-17T09:38:42Z,null
0000000000000115,new,2026-01-15T09:45:45Z,2026-01-16T09:45:45Z
0000000000000115,qualified,2026-01-16T09:45:45Z,2026-01-17T09:45:45Z
0000000000000115,proposal,2026-01-17T09:45:45Z,2026-01-18T09:45:45Z
0000000000000115,lost,2026-01-18T09:45:45Z,null
0000000000000116,new,2026-01-16T09:52:48Z,null
0000000000000117,new,2026-01-17T09:59:51Z,2026-01-18T09:59:51Z
0000000000000117,qualified,2026-01-18T09:59:51Z,null
0000000000000118,new,2026-01-18T10:06:54Z,2026-01-19T10:06:54Z
0000000000000118,qualified,2026-01-19T10:06:54Z,2026-01-20T10:06:54Z
0000000000000118,proposal,2026-01-20T10:06:54Z,null
0000000000000119,new,2026-01-19T10:13:57Z,2026-01-20T10:13:57Z
0000000000000119,qualified,2026-01-20T10:13:57Z,2026-01-21T10:13:57Z
0000000000000119,proposal,2026-01-21T10:13:57Z,2026-01-22T10:13:57Z
0000000000000119,won,2026-01-22T10:13:57Z,null
0000000000000120,new,2026-01-20T10:21:00Z,2026-01-21T10:21:00Z
0000000000000120,qualified,2026-01-21T10:21:00Z,2026-01-22T10:21:00Z
0000000000000120,proposal,2026-01-22T10:21:00Z,2026-01-23T10:21:00Z
0000000000000120,lost,2026-01-23T10:21:00Z,null
0000000000000121,new,2026-01-21T10:28:03Z,null
0000000000000122,new,2026-01-22T10:35:06Z,2026-01-23T10:35:06Z
0000000000000122,qualified,2026-01-23T10:35:06Z,null
0000000000000123,new,2026-01-23T10:42:09Z,2026-01-24T10:42:09Z
0000000000000123,qualified,2026-01-24T10:42:09Z,2026-01-25T10:42:09Z
0000000000000123,proposal,2026-01-25T10:42:09Z,null
0000000000000124,new,2026-01-24T10:49:12Z,2026-01-25T10:49:12Z
0000000000000124,qualified,2026-01-25T10:49:12Z,2026-01-26T10:49:12Z
0000000000000124,proposal,2026-01-26T10:49:12Z,2026-01-27T10:49:12Z
0000000000000124,won,2026-01-27T10:49:12Z,null
0000000000000125,new,2026-01-25T10:56:15Z,2026-01-26T10:56:15Z
0000000000000125,qualified,2026-01-26T10:56:15Z,2026-01-27T10:56:15Z
0000000000000125,proposal,2026-01-27T10:56:15Z,2026-01-28T10:56:15Z
0000000000000125,lost,2026-01-28T10:56:15Z,null
0000000000000126,new,2026-01-26T11:03:18Z,null
0000000000000127,new,2026-01-27T11:10:21Z,2026-01-28T11:10:21Z
0000000000000127,qualified,2026-01-28T11:10:21Z,null
0000000000000128,new,2026-01-28T11:17:24Z,2026-01-29T11:17:24Z
0000000000000128,qualified,2026-01-29T11:17:24Z,2026-01-30T11:17:24Z
0000000000000128,proposal,2026-01-30T11:17:24Z,null
0000000000000129,new,2026-01-29T11:24:27Z,2026-01-30T11:24:27Z
0000000000000129,qualified,2026-01-30T11:24:27Z,2026-01-31T11:24:27Z
0000000000000129,proposal,2026-01-31T11:24:27Z,2026-02-01T11:24:27Z
0000000000000129,won,2026-02-01T11:24:27Z,null
0000000000000130,new,2026-01-30T11:31:30Z,2026-01-31T11:31:30Z
0000000000000130,qualified,2026-01-31T11:31:30Z,2026-02-01T11:31:30Z
0000000000000130,proposal,2026-02-01T11:31:30Z,2026-02-02T11:31:30Z
0000000000000130,lost,2026-02-02T11:31:30Z,null
0000000000000131,new,2026-01-31T11:38:33Z,null
0000000000000132,new,2026-02-01T11:45:36Z,2026-02-02T11:45:36Z
0000000000000132,qualified,2026-02-02T11:45:36Z,null
0000000000000133,new,2026-02-02T11:52:39Z,2026-02-03T11:52:39Z
0000000000000133,qualified,2026-02-03T11:52:39Z,2026-02-04T11:52:39Z
0000000000000133,proposal,2026-02-04T11:52:39Z,null
0000000000000134,new,2026-02-03T11:59:42Z,2026-02-04T11:59:42Z
0000000000000134,qualified,2026-02-04T11:59:42Z,2026-02-05T11:59:42Z
0000000000000134,proposal,2026-02-05T11:59:42Z,2026-02-06T11:59:42Z
0000000000000134,won,2026-02-06T11:59:42Z,null
0000000000000135,new,2026-02-04T12:06:45Z,2026-02-05T12:06:45Z
0000000000000135,qualified,2026-02-05T12:06:45Z,2026-02-06T12:06:45Z
0000000000000135,proposal,2026-02-06T12:06:45Z,2026-02-07T12:06:45Z
0000000000000135,lost,2026-02-07T12:06:45Z,null
0000000000000136,new,2026-02-05T12:13:48Z,null
0000000000000137,new,2026-02-06T12:20:51Z,2026-02-07T12:20:51Z
0000000000000137,qualified,2026-02-07T12:20:51Z,null
0000000000000138,new,2026-02-07T12:27:54Z,2026-02-08T12:27:54Z
0000000000000138,qualified,2026-02-08T12:27:54Z,2026-02-09T12:27:54Z
0000000000000138,proposal,2026-02-09T12:27:54Z,null
0000000000000139,new,2026-02-08T12:34:57Z,2026-02-09T12:34:57Z
0000000000000139,qualified,2026-02-09T12:34:57Z,2026-02-10T12:34:57Z
0000000000000139,proposal,2026-02-10T12:34:57Z,2026-02-11T12:34:57Z
0000000000000139,won,2026-02-11T12:34:57Z,null
0000000000000140,new,2026-02-09T12:42:00Z,2026-02-10T12:42:00Z
0000000000000140,qualified,2026-02-10T12:42:00Z,2026-02-11T12:42:00Z
0000000000000140,proposal,2026-02-11T12:42:00Z,2026-02-12T12:42:00Z
0000000000000140,lost,2026-02-12T12:42:00Z,null
0000000000000141,new,2026-02-10T12:49:03Z,null
0000000000000142,new,2026-02-11T12:56:06Z,2026-02-12T12:56:06Z
0000000000000142,qualified,2026-02-12T12:56:06Z,null
0000000000000143,new,2026-02-12T13:03:09Z,2026-02-13T13:03:09Z
0000000000000143,qualified,2026-02-13T13:03:09Z,2026-02-14T13:03:09Z
0000000000000143,proposal,2026-02-14T13:03:09Z,null
0000000000000144,new,2026-02-13T13:10:12Z,2026-02-14T13:10:12Z
0000000000000144,qualified,2026-02-14T13:10:12Z,2026-02-15T13:10:12Z
0000000000000144,proposal,2026-02-15T13:10:12Z,2026-02-16T13:10:12Z
0000000000000144,won,2026-02-16T13:10:12Z,null
0000000000000145,new,2026-02-14T13:17:15Z,2026-02-15T13:17:15Z
0000000000000145,qualified,2026-02-15T13:17:15Z,2026-02-16T13:17:15Z
0000000000000145,proposal,2026-02-16T13:17:15Z,2026-02-17T13:17:15Z
0000000000000145,lost,2026-02-17T13:17:15Z,null
0000000000000146,new,2026-02-15T13:24:18Z,null
0000000000000147,new,2026-02-16T13:31:21Z,2026-02-17T13:31:21Z
0000000000000147,qualified,2026-02-17T13:31:21Z,null
0000000000000148,new,2026-02-17T13:38:24Z,2026-02-18T13:38:24Z
0000000000000148,qualified,2026-02-18T13:38:24Z,2026-02-19T13:38:24Z
0000000000000148,proposal,2026-02-19T13:38:24Z,null
0000000000000149,new,2026-02-18T13:45:27Z,2026-02-19T13:45:27Z
0000000000000149,qualified,2026-02-19T13:45:27Z,2026-02-20T13:45:27Z
0000000000000149,proposal,2026-02-20T13:45:27Z,2026-02-21T13:45:27Z
0000000000000149,won,2026-02-21T13:45:27Z,null
0000000000000150,new,2026-02-19T13:52:30Z,2026-02-20T13:52:30Z
0000000000000150,qualified,2026-02-20T13:52:30Z,2026-02-21T13:52:30Z
0000000000000150,proposal,2026-02-21T13:52:30Z,2026-02-22T13:52:30Z
0000000000000150,lost,2026-02-22T13:52:30Z,null
0000000000000151,new,2026-02-20T13:59:33Z,null
0000000000000152,new,2026-02-21T14:06:36Z,2026-02-22T14:06:36Z
0000000000000152,qualified,2026-02-22T14:06:36Z,null
0000000000000153,new,2026-02-22T14:13:39Z,2026-02-23T14:13:39Z
0000000000000153,qualified,2026-02-23T14:13:39Z,2026-02-24T14:13:39Z
0000000000000153,proposal,2026-02-24T14:13:39Z,null
0000000000000154,new,2026-02-23T14:20:42Z,2026-02-24T14:20:42Z
0000000000000154,qualified,2026-02-24T14:20:42Z,2026-02-25T14:20:42Z
0000000000000154,proposal,2026-02-25T14:20:42Z,2026-02-26T14:20:42Z
0000000000000154,won,2026-02-26T14:20:42Z,null
0000000000000155,new,2026-02-24T14:27:45Z,2026-02-25T14:27:45Z
0000000000000155,qualified,2026-02-25T14:27:45Z,2026-02-26T14:27:45Z
0000000000000155,proposal,2026-02-26T14:27:45Z,2026-02-27T14:27:45Z
0000000000000155,lost,2026-02-27T14:27:45Z,null
0000000000000156,new,2026-02-25T14:34:48Z,null
0000000000000157,new,2026-02-26T14:41:51Z,2026-02-27T14:41:51Z
0000000000000157,qualified,2026-02-27T14:41:51Z,null
0000000000000158,new,2026-02-27T14:48:54Z,2026-02-28T14:48:54Z
0000000000000158,qualified,2026-02-28T14:48:54Z,2026-03-01T14:48:54Z
0000000000000158,proposal,2026-03-01T14:48:54Z,null
0000000000000159,new,2026-02-28T14:55:57Z,2026-03-01T14:55:57Z
0000000000000159,qualified,2026-03-01T14:55:57Z,2026-03-02T14:55:57Z
0000000000000159,proposal,2026-03-02T14:55:57Z,2026-03-03T14:55:57Z
0000000000000159,won,2026-03-03T14:55:57Z,null
0000000000000160,new,2026-03-01T15:03:00Z,2026-03-02T15:03:00Z
0000000000000160,qualified,2026-03-02T15:03:00Z,2026-03-03T15:03:00Z
0000000000000160,proposal,2026-03-03T15:03:00Z,2026-03-04T15:03:00Z
0000000000000160,lost,2026-03-04T15:03:00Z,null
0000000000000161,new,2026-03-02T15:10:03Z,null
0000000000000162,new,2026-03-03T15:17:06Z,2026-03-04T15:17:06Z
0000000000000162,qualified,2026-03-04T15:17:06Z,null
0000000000000163,new,2026-03-04T15:24:09Z,2026-03-05T15:24:09Z
0000000000000163,qualified,2026-03-05T15:24:09Z,2026-03-06T15:24:09Z
0000000000000163,proposal,2026-03-06T15:24:09Z,null
0000000000000164,new,2026-03-05T15:31:12Z,2026-03-06T15:31:12Z
0000000000000164,qualified,2026-03-06T15:31:12Z,2026-03-07T15:31:12Z
0000000000000164,proposal,2026-03-07T15:31:12Z,2026-03-08T15:31:12Z
0000000000000164,won,2026-03-08T15:31:12Z,null
0000000000000165,new,2026-03-06T15:38:15Z,2026-03-07T15:38:15Z
0000000000000165,qualified,2026-03-07T15:38:15Z,2026-03-08T15:38:15Z
0000000000000165,proposal,2026-03-08T15:38:15Z,2026-03-09T15:38:15Z
0000000000000165,lost,2026-03-09T15:38:15Z,null
0000000000000166,new,2026-01-01T15:45:18Z,null
0000000000000167,new,2026-01-02T15:52:21Z,2026-01-03T15:52:21Z
0000000000000167,qualified,2026-01-03T15:52:21Z,null
0000000000000168,new,2026-01-03T15:59:24Z,2026-01-04T15:59:24Z
0000000000000168,qualified,2026-01-04T15:59:24Z,2026-01-05T15:59:24Z
0000000000000168,proposal,2026-01-05T15:59:24Z,null
0000000000000169,new,2026-01-04T16:06:27Z,2026-01-05T16:06:27Z
0000000000000169,qualified,2026-01-05T16:06:27Z,2026-01-06T16:06:27Z
0000000000000169,proposal,2026-01-06T16:06:27Z,2026-01-07T16:06:27Z
0000000000000169,won,2026-01-07T16:06:27Z,null
0000000000000170,new,2026-01-05T16:13:30Z,2026-01-06T16:13:30Z
0000000000000170,qualified,2026-01-06T16:13:30Z,2026-01-07T16:13:30Z
0000000000000170,proposal,2026-01-07T16:13:30Z,2026-01-08T16:13:30Z
0000000000000170,lost,2026-01-08T16:13:30Z,null
0000000000000171,new,2026-01-06T16:20:33Z,null
0000000000000172,new,2026-01-07T16:27:36Z,2026-01-08T16:27:36Z
0000000000000172,qualified,2026-01-08T16:27:36Z,null
0000000000000173,new,2026-01-08T16:34:39Z,2026-01-09T16:34:39Z
0000000000000173,qualified,2026-01-09T16:34:39Z,2026-01-10T16:34:39Z
0000000000000173,proposal,2026-01-10T16:34:39Z,null
0000000000000174,new,2026-01-09T16:41:42Z,2026-01-10T16:41:42Z
0000000000000174,qualified,2026-01-10T16:41:42Z,2026-01-11T16:41:42Z
0000000000000174,proposal,2026-01-11T16:41:42Z,2026-01-12T16:41:42Z
0000000000000174,won,2026-01-12T16:41:42Z,null
0000000000000175,new,2026-01-10T16:48:45Z,2026-01-11T16:48:45Z
0000000000000175,qualified,2026-01-11T16:48:45Z,2026-01-12T16:48:45Z
0000000000000175,proposal,2026-01-12T16:48:45Z,2026-01-13T16:48:45Z
0000000000000175,lost,2026-01-13T16:48:45Z,null
0000000000000176,new,2026-01-11T16:55:48Z,null
0000000000000177,new,2026-01-12T17:02:51Z,2026-01-13T17:02:51Z
0000000000000177,qualified,2026-01-13T17:02:51Z,null
0000000000000178,new,2026-01-13T17:09:54Z,2026-01-14T17:09:54Z
0000000000000178,qualified,2026-01-14T17:09:54Z,2026-01-15T17:09:54Z
0000000000000178,proposal,2026-01-15T17:09:54Z,null
0000000000000179,new,2026-01-14T17:16:57Z,2026-01-15T17:16:57Z
0000000000000179,qualified,2026-01-15T17:16:57Z,2026-01-16T17:16:57Z
0000000000000179,proposal,2026-01-16T17:16:57Z,2026-01-17T17:16:57Z
0000000000000179,won,2026-01-17T17:16:57Z,null
0000000000000180,new,2026-01-15T17:24:00Z,2026-01-16T17:24:00Z
0000000000000180,qualified,2026-01-16T17:24:00Z,2026-01-17T17:24:00Z
0000000000000180,proposal,2026-01-17T17:24:00Z,2026-01-18T17:24:00Z
0000000000000180,lost,2026-01-18T17:24:00Z,null
0000000000000181,new,2026-01-16T17:31:03Z,null
0000000000000182,new,2026-01-17T17:38:06Z,2026-01-18T17:38:06Z
0000000000000182,qualified,2026-01-18T17:38:06Z,null
0000000000000183,new,2026-01-18T17:45:09Z,2026-01-19T17:45:09Z
0000000000000183,qualified,2026-01-19T17:45:09Z,2026-01-20T17:45:09Z
0000000000000183,proposal,2026-01-20T17:45:09Z,null
0000000000000184,new,2026-01-19T17:52:12Z,2026-01-20T17:52:12Z
0000000000000184,qualified,2026-01-20T17:52:12Z,2026-01-21T17:52:12Z
0000000000000184,proposal,2026-01-21T17:52:12Z,2026-01-22T17:52:12Z
0000000000000184,won,2026-01-22T17:52:12Z,null
0000000000000185,new,2026-01-20T17:59:15Z,2026-01-21T17:59:15Z
0000000000000185,qualified,2026-01-21T17:59:15Z,2026-01-22T17:59:15Z
0000000000000185,proposal,2026-01-22T17:59:15Z,2026-01-23T17:59:15Z
0000000000000185,lost,2026-01-23T17:59:15Z,null
0000000000000186,new,2026-01-21T18:06:18Z,null
0000000000000187,new,2026-01-22T18:13:21Z,2026-01-23T18:13:21Z
0000000000000187,qualified,2026-01-23T18:13:21Z,null
0000000000000188,new,2026-01-23T18:20:24Z,2026-01-24T18:20:24Z
0000000000000188,qualified,2026-01-24T18:20:24Z,2026-01-25T18:20:24Z
0000000000000188,proposal,2026-01-25T18:20:24Z,null
0000000000000189,new,2026-01-24T18:27:27Z,2026-01-25T18:27:27Z
0000000000000189,qualified,2026-01-25T18:27:27Z,2026-01-26T18:27:27Z
0000000000000189,proposal,2026-01-26T18:27:27Z,2026-01-27T18:27:27Z
0000000000000189,won,2026-01-27T18:27:27Z,null
0000000000000190,new,2026-01-25T18:34:30Z,2026-01-26T18:34:30Z
0000000000000190,qualified,2026-01-26T18:34:30Z,2026-01-27T18:34:30Z
0000000000000190,proposal,2026-01-27T18:34:30Z,2026-01-28T18:34:30Z
0000000000000190,lost,2026-01-28T18:34:30Z,null
0000000000000191,new,2026-01-26T18:41:33Z,null
0000000000000192,new,2026-01-27T18:48:36Z,2026-01-28T18:48:36Z
0000000000000192,qualified,2026-01-28T18:48:36Z,null
0000000000000193,new,2026-01-28T18:55:39Z,2026-01-29T18:55:39Z
0000000000000193,qualified,2026-01-29T18:55:39Z,2026-01-30T18:55:39Z
0000000000000193,proposal,2026-01-30T18:55:39Z,null
0000000000000194,new,2026-01-29T19:02:42Z,2026-01-30T19:02:42Z
0000000000000194,qualified,2026-01-30T19:02:42Z,2026-01-31T19:02:42Z
0000000000000194,proposal,2026-01-31T19:02:42Z,2026-02-01T19:02:42Z
0000000000000194,won,2026-02-01T19:02:42Z,null
0000000000000195,new,2026-01-30T19:09:45Z,2026-01-31T19:09:45Z
0000000000000195,qualified,2026-01-31T19:09:45Z,2026-02-01T19:09:45Z
0000000000000195,proposal,2026-02-01T19:09:45Z,2026-02-02T19:09:45Z
0000000000000195,lost,2026-02-02T19:09:45Z,null
0000000000000196,new,2026-01-31T19:16:48Z,null
0000000000000197,new,2026-02-01T19:23:51Z,2026-02-02T19:23:51Z
0000000000000197,qualified,2026-02-02T19:23:51Z,null
0000000000000198,new,2026-02-02T19:30:54Z,2026-02-03T19:30:54Z
0000000000000198,qualified,2026-02-03T19:30:54Z,2026-02-04T19:30:54Z
0000000000000198,proposal,2026-02-04T19:30:54Z,null
0000000000000199,new,2026-02-03T19:37:57Z,2026-02-04T19:37:57Z
0000000000000199,qualified,2026-02-04T19:37:57Z,2026-02-05T19:37:57Z
0000000000000199,proposal,2026-02-05T19:37:57Z,2026-02-06T19:37:57Z
0000000000000199,won,2026-02-06T19:37:57Z,null
0000000000000200,new,2026-02-04T19:45:00Z,2026-02-05T19:45:00Z
0000000000000200,qualified,2026-02-05T19:45:00Z,2026-02-06T19:45:00Z
0000000000000200,proposal,2026-02-06T19:45:00Z,2026-02-07T19:45:00Z
0000000000000200,lost,2026-02-07T19:45:00Z,null
0000000000000201,new,2026-02-05T19:52:03Z,null
0000000000000202,new,2026-02-06T19:59:06Z,2026-02-07T19:59:06Z
0000000000000202,qualified,2026-02-07T19:59:06Z,null
0000000000000203,new,2026-02-07T20:06:09Z,2026-02-08T20:06:09Z
0000000000000203,qualified,2026-02-08T20:06:09Z,2026-02-09T20:06:09Z
0000000000000203,proposal,2026-02-09T20:06:09Z,null
0000000000000204,new,2026-02-08T20:13:12Z,2026-02-09T20:13:12Z
0000000000000204,qualified,2026-02-09T20:13:12Z,2026-02-10T20:13:12Z
0000000000000204,proposal,2026-02-10T20:13:12Z,2026-02-11T20:13:12Z
0000000000000204,won,2026-02-11T20:13:12Z,null
0000000000000205,new,2026-02-09T20:20:15Z,2026-02-10T20:20:15Z
0000000000000205,qualified,2026-02-10T20:20:15Z,2026-02-11T20:20:15Z
0000000000000205,proposal,2026-02-11T20:20:15Z,2026-02-12T20:20:15Z
0000000000000205,lost,2026-02-12T20:20:15Z,null
0000000000000206,new,2026-02-10T20:27:18Z,null
0000000000000207,new,2026-02-11T20:34:21Z,2026-02-12T20:34:21Z
0000000000000207,qualified,2026-02-12T20:34:21Z,null
0000000000000208,new,2026-02-12T20:41:24Z,2026-02-13T20:41:24Z
0000000000000208,qualified,2026-02-13T20:41:24Z,2026-02-14T20:41:24Z
0000000000000208,proposal,2026-02-14T20:41:24Z,null
0000000000000209,new,2026-02-13T20:48:27Z,2026-02-14T20:48:27Z
0000000000000209,qualified,2026-02-14T20:48:27Z,2026-02-15T20:48:27Z
0000000000000209,proposal,2026-02-15T20:48:27Z,2026-02-16T20:48:27Z
0000000000000209,won,2026-02-16T20:48:27Z,null
0000000000000210,new,2026-02-14T20:55:30Z,2026-02-15T20:55:30Z
0000000000000210,qualified,2026-02-15T20:55:30Z,2026-02-16T20:55:30Z
0000000000000210,proposal,2026-02-16T20:55:30Z,2026-02-17T20:55:30Z
0000000000000210,lost,2026-02-17T20:55:30Z,null
0000000000000211,new,2026-02-15T21:02:33Z,null
0000000000000212,new,2026-02-16T21:09:36Z,2026-02-17T21:09:36Z
0000000000000212,qualified,2026-02-17T21:09:36Z,null
0000000000000213,new,2026-02-17T21:16:39Z,2026-02-18T21:16:39Z
0000000000000213,qualified,2026-02-18T21:16:39Z,2026-02-19T21:16:39Z
0000000000000213,proposal,2026-02-19T21:16:39Z,null
0000000000000214,new,2026-02-18T21:23:42Z,2026-02-19T21:23:42Z
0000000000000214,qualified,2026-02-19T21:23:42Z,2026-02-20T21:23:42Z
0000000000000214,proposal,2026-02-20T21:23:42Z,2026-02-21T21:23:42Z
0000000000000214,won,2026-02-21T21:23:42Z,null
0000000000000215,new,2026-02-19T21:30:45Z,2026-02-20T21:30:45Z
0000000000000215,qualified,2026-02-20T21:30:45Z,2026-02-21T21:30:45Z
0000000000000215,proposal,2026-02-21T21:30:45Z,2026-02-22T21:30:45Z
0000000000000215,lost,2026-02-22T21:30:45Z,null
0000000000000216,new,2026-02-20T21:37:48Z,null
0000000000000217,new,2026-02-21T21:44:51Z,2026-02-22T21:44:51Z
0000000000000217,qualified,2026-02-22T21:44:51Z,null
0000000000000218,new,2026-02-22T21:51:54Z,2026-02-23T21:51:54Z
0000000000000218,qualified,2026-02-23T21:51:54Z,2026-02-24T21:51:54Z
0000000000000218,proposal,2026-02-24T21:51:54Z,null
0000000000000219,new,2026-02-23T21:58:57Z,2026-02-24T21:58:57Z
0000000000000219,qualified,2026-02-24T21:58:57Z,2026-02-25T21:58:57Z
0000000000000219,proposal,2026-02-25T21:58:57Z,2026-02-26T21:58:57Z
0000000000000219,won,2026-02-26T21:58:57Z,null
0000000000000220,new,2026-02-24T22:06:00Z,2026-02-25T22:06:00Z
0000000000000220,qualified,2026-02-25T22:06:00Z,2026-02-26T22:06:00Z
0000000000000220,proposal,2026-02-26T22:06:00Z,2026-02-27T22:06:00Z
0000000000000220,lost,2026-02-27T22:06:00Z,null
0000000000000221,new,2026-02-25T22:13:03Z,null
0000000000000222,new,2026-02-26T22:20:06Z,2026-02-27T22:20:06Z
0000000000000222,qualified,2026-02-27T22:20:06Z,null
0000000000000223,new,2026-02-27T22:27:09Z,2026-02-28T22:27:09Z
0000000000000223,qualified,2026-02-28T22:27:09Z,2026-03-01T22:27:09Z
0000000000000223,proposal,2026-03-01T22:27:09Z,null
0000000000000224,new,2026-02-28T22:34:12Z,2026-03-01T22:34:12Z
0000000000000224,qualified,2026-03-01T22:34:12Z,2026-03-02T22:34:12Z
0000000000000224,proposal,2026-03-02T22:34:12Z,2026-03-03T22:34:12Z
0000000000000224,won,2026-03-03T22:34:12Z,null
0000000000000225,new,2026-03-01T22:41:15Z,2026-03-02T22:41:15Z
0000000000000225,qualified,2026-03-02T22:41:15Z,2026-03-03T22:41:15Z
0000000000000225,proposal,2026-03-03T22:41:15Z,2026-03-04T22:41:15Z
0000000000000225,lost,2026-03-04T22:41:15Z,null
0000000000000226,new,2026-01-01T22:48:18Z,null
0000000000000227,new,2026-01-02T22:55:21Z,2026-01-03T22:55:21Z
0000000000000227,qualified,2026-01-03T22:55:21Z,null
0000000000000228,new,2026-01-03T23:02:24Z,2026-01-04T23:02:24Z
0000000000000228,qualified,2026-01-04T23:02:24Z,2026-01-05T23:02:24Z
0000000000000228,proposal,2026-01-05T23:02:24Z,null
0000000000000229,new,2026-01-04T23:09:27Z,2026-01-05T23:09:27Z
0000000000000229,qualified,2026-01-05T23:09:27Z,2026-01-06T23:09:27Z
0000000000000229,proposal,2026-01-06T23:09:27Z,2026-01-07T23:09:27Z
0000000000000229,won,2026-01-07T23:09:27Z,null
0000000000000230,new,2026-01-05T23:16:30Z,2026-01-06T23:16:30Z
0000000000000230,qualified,2026-01-06T23:16:30Z,2026-01-07T23:16:30Z
0000000000000230,proposal,2026-01-07T23:16:30Z,2026-01-08T23:16:30Z
0000000000000230,lost,2026-01-08T23:16:30Z,null
0000000000000231,new,2026-01-06T23:23:33Z,null
0000000000000232,new,2026-01-07T23:30:36Z,2026-01-08T23:30:36Z
0000000000000232,qualified,2026-01-08T23:30:36Z,null
0000000000000233,new,2026-01-08T23:37:39Z,2026-01-09T23:37:39Z
0000000000000233,qualified,2026-01-09T23:37:39Z,2026-01-10T23:37:39Z
0000000000000233,proposal,2026-01-10T23:37:39Z,null
0000000000000234,new,2026-01-09T23:44:42Z,2026-01-10T23:44:42Z
0000000000000234,qualified,2026-01-10T23:44:42Z,2026-01-11T23:44:42Z
0000000000000234,proposal,2026-01-11T23:44:42Z,2026-01-12T23:44:42Z
0000000000000234,won,2026-01-12T23:44:42Z,null
0000000000000235,new,2026-01-10T23:51:45Z,2026-01-11T23:51:45Z
0000000000000235,qualified,2026-01-11T23:51:45Z,2026-01-12T23:51:45Z
0000000000000235,proposal,2026-01-12T23:51:45Z,2026-01-13T23:51:45Z
0000000000000235,lost,2026-01-13T23:51:45Z,null
0000000000000236,new,2026-01-11T23:58:48Z,null
0000000000000237,new,2026-01-12T00:05:51Z,2026-01-13T00:05:51Z
0000000000000237,qualified,2026-01-13T00:05:51Z,null
0000000000000238,new,2026-01-13T00:12:54Z,2026-01-14T00:12:54Z
0000000000000238,qualified,2026-01-14T00:12:54Z,2026-01-15T00:12:54Z
0000000000000238,proposal,2026-01-15T00:12:54Z,null
0000000000000239,new,2026-01-14T00:19:57Z,2026-01-15T00:19:57Z
0000000000000239,qualified,2026-01-15T00:19:57Z,2026-01-16T00:19:57Z
0000000000000239,proposal,2026-01-16T00:19:57Z,2026-01-17T00:19:57Z
0000000000000239,won,2026-01-17T00:19:57Z,null
0000000000000240,new,2026-01-15T00:27:00Z,2026-01-16T00:27:00Z
0000000000000240,qualified,2026-01-16T00:27:00Z,2026-01-17T00:27:00Z
0000000000000240,proposal,2026-01-17T00:27:00Z,2026-01-18T00:27:00Z
0000000000000240,lost,2026-01-18T00:27:00Z,null
0000000000000241,new,2026-01-16T00:34:03Z,null
0000000000000242,new,2026-01-17T00:41:06Z,2026-01-18T00:41:06Z
0000000000000242,qualified,2026-01-18T00:41:06Z,null
0000000000000243,new,2026-01-18T00:48:09Z,2026-01-19T00:48:09Z
0000000000000243,qualified,2026-01-19T00:48:09Z,2026-01-20T00:48:09Z
0000000000000243,proposal,2026-01-20T00:48:09Z,null
0000000000000244,new,2026-01-19T00:55:12Z,2026-01-20T00:55:12Z
0000000000000244,qualified,2026-01-20T00:55:12Z,2026-01-21T00:55:12Z
0000000000000244,proposal,2026-01-21T00:55:12Z,2026-01-22T00:55:12Z
0000000000000244,won,2026-01-22T00:55:12Z,null
0000000000000245,new,2026-01-20T01:02:15Z,2026-01-21T01:02:15Z
0000000000000245,qualified,2026-01-21T01:02:15Z,2026-01-22T01:02:15Z
0000000000000245,proposal,2026-01-22T01:02:15Z,2026-01-23T01:02:15Z
0000000000000245,lost,2026-01-23T01:02:15Z,null
0000000000000246,new,2026-01-21T01:09:18Z,null
0000000000000247,new,2026-01-22T01:16:21Z,2026-01-23T01:16:21Z
0000000000000247,qualified,2026-01-23T01:16:21Z,null
0000000000000248,new,2026-01-23T01:23:24Z,2026-01-24T01:23:24Z
0000000000000248,qualified,2026-01-24T01:23:24Z,2026-01-25T01:23:24Z
0000000000000248,proposal,2026-01-25T01:23:24Z,null
0000000000000249,new,2026-01-24T01:30:27Z,2026-01-25T01:30:27Z
0000000000000249,qualified,2026-01-25T01:30:27Z,2026-01-26T01:30:27Z
0000000000000249,proposal,2026-01-26T01:30:27Z,2026-01-27T01:30:27Z
0000000000000249,won,2026-01-27T01:30:27Z,null
0000000000000250,new,2026-01-25T01:37:30Z,2026-01-26T01:37:30Z
0000000000000250,qualified,2026-01-26T01:37:30Z,2026-01-27T01:37:30Z
0000000000000250,proposal,2026-01-27T01:37:30Z,2026-01-28T01:37:30Z
0000000000000250,lost,2026-01-28T01:37:30Z,null
0000000000000251,new,2026-01-26T01:44:33Z,null
0000000000000252,new,2026-01-27T01:51:36Z,2026-01-28T01:51:36Z
0000000000000252,qualified,2026-01-28T01:51:36Z,null
0000000000000253,new,2026-01-28T01:58:39Z,2026-01-29T01:58:39Z
0000000000000253,qualified,2026-01-29T01:58:39Z,2026-01-30T01:58:39Z
0000000000000253,proposal,2026-01-30T01:58:39Z,null
0000000000000254,new,2026-01-29T02:05:42Z,2026-01-30T02:05:42Z
0000000000000254,qualified,2026-01-30T02:05:42Z,2026-01-31T02:05:42Z
0000000000000254,proposal,2026-01-31T02:05:42Z,2026-02-01T02:05:42Z
0000000000000254,won,2026-02-01T02:05:42Z,null
0000000000000255,new,2026-01-30T02:12:45Z,2026-01-31T02:12:45Z
0000000000000255,qualified,2026-01-31T02:12:45Z,2026-02-01T02:12:45Z
0000000000000255,proposal,2026-02-01T02:12:45Z,2026-02-02T02:12:45Z
0000000000000255,lost,2026-02-02T02:12:45Z,null
0000000000000256,new,2026-01-31T02:19:48Z,null
0000000000000257,new,2026-02-01T02:26:51Z,2026-02-02T02:26:51Z
0000000000000257,qualified,2026-02-02T02:26:51Z,null
0000000000000258,new,2026-02-02T02:33:54Z,2026-02-03T02:33:54Z
0000000000000258,qualified,2026-02-03T02:33:54Z,2026-02-04T02:33:54Z
0000000000000258,proposal,2026-02-04T02:33:54Z,null
0000000000000259,new,2026-02-03T02:40:57Z,2026-02-04T02:40:57Z
0000000000000259,qualified,2026-02-04T02:40:57Z,2026-02-05T02:40:57Z
0000000000000259,proposal,2026-02-05T02:40:57Z,2026-02-06T02:40:57Z
0000000000000259,won,2026-02-06T02:40:57Z,null
0000000000000260,new,2026-02-04T02:48:00Z,2026-02-05T02:48:00Z
0000000000000260,qualified,2026-02-05T02:48:00Z,2026-02-06T02:48:00Z
0000000000000260,proposal,2026-02-06T02:48:00Z,2026-02-07T02:48:00Z
0000000000000260,lost,2026-02-07T02:48:00Z,null
0000000000000261,new,2026-02-05T02:55:03Z,null
0000000000000262,new,2026-02-06T03:02:06Z,2026-02-07T03:02:06Z
0000000000000262,qualified,2026-02-07T03:02:06Z,null
0000000000000263,new,2026-02-07T03:09:09Z,2026-02-08T03:09:09Z
0000000000000263,qualified,2026-02-08T03:09:09Z,2026-02-09T03:09:09Z
0000000000000263,proposal,2026-02-09T03:09:09Z,null
0000000000000264,new,2026-02-08T03:16:12Z,2026-02-09T03:16:12Z
0000000000000264,qualified,2026-02-09T03:16:12Z,2026-02-10T03:16:12Z
0000000000000264,proposal,2026-02-10T03:16:12Z,2026-02-11T03:16:12Z
0000000000000264,won,2026-02-11T03:16:12Z,null
0000000000000265,new,2026-02-09T03:23:15Z,2026-02-10T03:23:15Z
0000000000000265,qualified,2026-02-10T03:23:15Z,2026-02-11T03:23:15Z
0000000000000265,proposal,2026-02-11T03:23:15Z,2026-02-12T03:23:15Z
0000000000000265,lost,2026-02-12T03:23:15Z,null
0000000000000266,new,2026-02-10T03:30:18Z,null
0000000000000267,new,2026-02-11T03:37:21Z,2026-02-12T03:37:21Z
0000000000000267,qualified,2026-02-12T03:37:21Z,null
0000000000000268,new,2026-02-12T03:44:24Z,2026-02-13T03:44:24Z
0000000000000268,qualified,2026-02-13T03:44:24Z,2026-02-14T03:44:24Z
0000000000000268,proposal,2026-02-14T03:44:24Z,null
0000000000000269,new,2026-02-13T03:51:27Z,2026-02-14T03:51:27Z
0000000000000269,qualified,2026-02-14T03:51:27Z,2026-02-15T03:51:27Z
0000000000000269,proposal,2026-02-15T03:51:27Z,2026-02-16T03:51:27Z
0000000000000269,won,2026-02-16T03:51:27Z,null
0000000000000270,new,2026-02-14T03:58:30Z,2026-02-15T03:58:30Z
0000000000000270,qualified,2026-02-15T03:58:30Z,2026-02-16T03:58:30Z
0000000000000270,proposal,2026-02-16T03:58:30Z,2026-02-17T03:58:30Z
0000000000000270,lost,2026-02-17T03:58:30Z,null
0000000000000271,new,2026-02-15T04:05:33Z,null
0000000000000272,new,2026-02-16T04:12:36Z,2026-02-17T04:12:36Z
0000000000000272,qualified,2026-02-17T04:12:36Z,null
0000000000000273,new,2026-02-17T04:19:39Z,2026-02-18T04:19:39Z
0000000000000273,qualified,2026-02-18T04:19:39Z,2026-02-19T04:19:39Z
0000000000000273,proposal,2026-02-19T04:19:39Z,null
0000000000000274,new,2026-02-18T04:26:42Z,2026-02-19T04:26:42Z
0000000000000274,qualified,2026-02-19T04:26:42Z,2026-02-20T04:26:42Z
0000000000000274,proposal,2026-02-20T04:26:42Z,2026-02-21T04:26:42Z
0000000000000274,won,2026-02-21T04:26:42Z,null
0000000000000275,new,2026-02-19T04:33:45Z,2026-02-20T04:33:45Z
0000000000000275,qualified,2026-02-20T04:33:45Z,2026-02-21T04:33:45Z
0000000000000275,proposal,2026-02-21T04:33:45Z,2026-02-22T04:33:45Z
0000000000000275,lost,2026-02-22T04:33:45Z,null
0000000000000276,new,2026-02-20T04:40:48Z,null
0000000000000277,new,2026-02-21T04:47:51Z,2026-02-22T04:47:51Z
0000000000000277,qualified,2026-02-22T04:47:51Z,null
0000000000000278,new,2026-02-22T04:54:54Z,2026-02-23T04:54:54Z
0000000000000278,qualified,2026-02-23T04:54:54Z,2026-02-24T04:54:54Z
0000000000000278,proposal,2026-02-24T04:54:54Z,null
0000000000000279,new,2026-02-23T05:01:57Z,2026-02-24T05:01:57Z
0000000000000279,qualified,2026-02-24T05:01:57Z,2026-02-25T05:01:57Z
0000000000000279,proposal,2026-02-25T05:01:57Z,2026-02-26T05:01:57Z
0000000000000279,won,2026-02-26T05:01:57Z,null
0000000000000280,new,2026-02-24T05:09:00Z,2026-02-25T05:09:00Z
0000000000000280,qualified,2026-02-25T05:09:00Z,2026-02-26T05:09:00Z
0000000000000280,proposal,2026-02-26T05:09:00Z,2026-02-27T05:09:00Z
0000000000000280,lost,2026-02-27T05:09:00Z,null
0000000000000281,new,2026-02-25T05:16:03Z,null
0000000000000282,new,2026-02-26T05:23:06Z,2026-02-27T05:23:06Z
0000000000000282,qualified,2026-02-27T05:23:06Z,null
0000000000000283,new,2026-02-27T05:30:09Z,2026-02-28T05:30:09Z
0000000000000283,qualified,2026-02-28T05:30:09Z,2026-03-01T05:30:09Z
0000000000000283,proposal,2026-03-01T05:30:09Z,null
0000000000000284,new,2026-02-28T05:37:12Z,2026-03-01T05:37:12Z
0000000000000284,qualified,2026-03-01T05:37:12Z,2026-03-02T05:37:12Z
0000000000000284,proposal,2026-03-02T05:37:12Z,2026-03-03T05:37:12Z
0000000000000284,won,2026-03-03T05:37:12Z,null
0000000000000285,new,2026-03-01T05:44:15Z,2026-03-02T05:44:15Z
0000000000000285,qualified,2026-03-02T05:44:15Z,2026-03-03T05:44:15Z
0000000000000285,proposal,2026-03-03T05:44:15Z,2026-03-04T05:44:15Z
0000000000000285,lost,2026-03-04T05:44:15Z,null
0000000000000286,new,2026-01-01T05:51:18Z,null
0000000000000287,new,2026-01-02T05:58:21Z,2026-01-03T05:58:21Z
0000000000000287,qualified,2026-01-03T05:58:21Z,null
0000000000000288,new,2026-01-03T06:05:24Z,2026-01-04T06:05:24Z
0000000000000288,qualified,2026-01-04T06:05:24Z,2026-01-05T06:05:24Z
0000000000000288,proposal,2026-01-05T06:05:24Z,null
0000000000000289,new,2026-01-04T06:12:27Z,2026-01-05T06:12:27Z
0000000000000289,qualified,2026-01-05T06:12:27Z,2026-01-06T06:12:27Z
0000000000000289,proposal,2026-01-06T06:12:27Z,2026-01-07T06:12:27Z
0000000000000289,won,2026-01-07T06:12:27Z,null
0000000000000290,new,2026-01-05T06:19:30Z,2026-01-06T06:19:30Z
0000000000000290,qualified,2026-01-06T06:19:30Z,2026-01-07T06:19:30Z
0000000000000290,proposal,2026-01-07T06:19:30Z,2026-01-08T06:19:30Z
0000000000000290,lost,2026-01-08T06:19:30Z,null
0000000000000291,new,2026-01-06T06:26:33Z,null
0000000000000292,new,2026-01-07T06:33:36Z,2026-01-08T06:33:36Z
0000000000000292,qualified,2026-01-08T06:33:36Z,null
0000000000000293,new,2026-01-08T06:40:39Z,2026-01-09T06:40:39Z
0000000000000293,qualified,2026-01-09T06:40:39Z,2026-01-10T06:40:39Z
0000000000000293,proposal,2026-01-10T06:40:39Z,null
0000000000000294,new,2026-01-09T06:47:42Z,2026-01-10T06:47:42Z
0000000000000294,qualified,2026-01-10T06:47:42Z,2026-01-11T06:47:42Z
0000000000000294,proposal,2026-01-11T06:47:42Z,2026-01-12T06:47:42Z
0000000000000294,won,2026-01-12T06:47:42Z,null
0000000000000295,new,2026-01-10T06:54:45Z,2026-01-11T06:54:45Z
0000000000000295,qualified,2026-01-11T06:54:45Z,2026-01-12T06:54:45Z
0000000000000295,proposal,2026-01-12T06:54:45Z,2026-01-13T06:54:45Z
0000000000000295,lost,2026-01-13T06:54:45Z,null
0000000000000296,new,2026-01-11T07:01:48Z,null
0000000000000297,new,2026-01-12T07:08:51Z,2026-01-13T07:08:51Z
0000000000000297,qualified,2026-01-13T07:08:51Z,null
0000000000000298,new,2026-01-13T07:15:54Z,2026-01-14T07:15:54Z
0000000000000298,qualified,2026-01-14T07:15:54Z,2026-01-15T07:15:54Z
0000000000000298,proposal,2026-01-15T07:15:54Z,null
0000000000000299,new,2026-01-14T07:22:57Z,2026-01-15T07:22:57Z
0000000000000299,qualified,2026-01-15T07:22:57Z,2026-01-16T07:22:57Z
0000000000000299,proposal,2026-01-16T07:22:57Z,2026-01-17T07:22:57Z
0000000000000299,won,2026-01-17T07:22:57Z,null
0000000000000300,new,2026-01-15T07:30:00Z,2026-01-16T07:30:00Z
0000000000000300,qualified,2026-01-16T07:30:00Z,2026-01-17T07:30:00Z
0000000000000300,proposal,2026-01-17T07:30:00Z,2026-01-18T07:30:00Z
0000000000000300,lost,2026-01-18T07:30:00Z,null
0000000000000301,new,2026-01-16T07:37:03Z,null
0000000000000302,new,2026-01-17T07:44:06Z,2026-01-18T07:44:06Z
0000000000000302,qualified,2026-01-18T07:44:06Z,null
0000000000000303,new,2026-01-18T07:51:09Z,2026-01-19T07:51:09Z
0000000000000303,qualified,2026-01-19T07:51:09Z,2026-01-20T07:51:09Z
0000000000000303,proposal,2026-01-20T07:51:09Z,null
0000000000000304,new,2026-01-19T07:58:12Z,2026-01-20T07:58:12Z
0000000000000304,qualified,2026-01-20T07:58:12Z,2026-01-21T07:58:12Z
0000000000000304,proposal,2026-01-21T07:58:12Z,2026-01-22T07:58:12Z
0000000000000304,won,2026-01-22T07:58:12Z,null
0000000000000305,new,2026-01-20T08:05:15Z,2026-01-21T08:05:15Z
0000000000000305,qualified,2026-01-21T08:05:15Z,2026-01-22T08:05:15Z
0000000000000305,proposal,2026-01-22T08:05:15Z,2026-01-23T08:05:15Z
0000000000000305,lost,2026-01-23T08:05:15Z,null
0000000000000306,new,2026-01-21T08:12:18Z,null
0000000000000307,new,2026-01-22T08:19:21Z,2026-01-23T08:19:21Z
0000000000000307,qualified,2026-01-23T08:19:21Z,null
0000000000000308,new,2026-01-23T08:26:24Z,2026-01-24T08:26:24Z
0000000000000308,qualified,2026-01-24T08:26:24Z,2026-01-25T08:26:24Z
0000000000000308,proposal,2026-01-25T08:26:24Z,null
0000000000000309,new,2026-01-24T08:33:27Z,2026-01-25T08:33:27Z
0000000000000309,qualified,2026-01-25T08:33:27Z,2026-01-26T08:33:27Z
0000000000000309,proposal,2026-01-26T08:33:27Z,2026-01-27T08:33:27Z
0000000000000309,won,2026-01-27T08:33:27Z,null
0000000000000310,new,2026-01-25T08:40:30Z,2026-01-26T08:40:30Z
0000000000000310,qualified,2026-01-26T08:40:30Z,2026-01-27T08:40:30Z
0000000000000310,proposal,2026-01-27T08:40:30Z,2026-01-28T08:40:30Z
0000000000000310,lost,2026-01-28T08:40:30Z,null
0000000000000311,new,2026-01-26T08:47:33Z,null
0000000000000312,new,2026-01-27T08:54:36Z,2026-01-28T08:54:36Z
0000000000000312,qualified,2026-01-28T08:54:36Z,null
0000000000000313,new,2026-01-28T09:01:39Z,2026-01-29T09:01:39Z
0000000000000313,qualified,2026-01-29T09:01:39Z,2026-01-30T09:01:39Z
0000000000000313,proposal,2026-01-30T09:01:39Z,null
0000000000000314,new,2026-01-29T09:08:42Z,2026-01-30T09:08:42Z
0000000000000314,qualified,2026-01-30T09:08:42Z,2026-01-31T09:08:42Z
0000000000000314,proposal,2026-01-31T09:08:42Z,2026-02-01T09:08:42Z
0000000000000314,won,2026-02-01T09:08:42Z,null
0000000000000315,new,2026-01-30T09:15:45Z,2026-01-31T09:15:45Z
0000000000000315,qualified,2026-01-31T09:15:45Z,2026-02-01T09:15:45Z
0000000000000315,proposal,2026-02-01T09:15:45Z,2026-02-02T09:15:45Z
0000000000000315,lost,2026-02-02T09:15:45Z,null
0000000000000316,new,2026-01-31T09:22:48Z,null
0000000000000317,new,2026-02-01T09:29:51Z,2026-02-02T09:29:51Z
0000000000000317,qualified,2026-02-02T09:29:51Z,null
0000000000000318,new,2026-02-02T09:36:54Z,2026-02-03T09:36:54Z
0000000000000318,qualified,2026-02-03T09:36:54Z,2026-02-04T09:36:54Z
0000000000000318,proposal,2026-02-04T09:36:54Z,null
0000000000000319,new,2026-02-03T09:43:57Z,2026-02-04T09:43:57Z
0000000000000319,qualified,2026-02-04T09:43:57Z,2026-02-05T09:43:57Z
0000000000000319,proposal,2026-02-05T09:43:57Z,2026-02-06T09:43:57Z
0000000000000319,won,2026-02-06T09:43:57Z,null
0000000000000320,new,2026-02-04T09:51:00Z,2026-02-05T09:51:00Z
0000000000000320,qualified,2026-02-05T09:51:00Z,2026-02-06T09:51:00Z
0000000000000320,proposal,2026-02-06T09:51:00Z,2026-02-07T09:51:00Z
0000000000000320,lost,2026-02-07T09:51:00Z,null
0000000000000321,new,2026-02-05T09:58:03Z,null
0000000000000322,new,2026-02-06T10:05:06Z,2026-02-07T10:05:06Z
0000000000000322,qualified,2026-02-07T10:05:06Z,null
0000000000000323,new,2026-02-07T10:12:09Z,2026-02-08T10:12:09Z
0000000000000323,qualified,2026-02-08T10:12:09Z,2026-02-09T10:12:09Z
0000000000000323,proposal,2026-02-09T10:12:09Z,null
0000000000000324,new,2026-02-08T10:19:12Z,2026-02-09T10:19:12Z
0000000000000324,qualified,2026-02-09T10:19:12Z,2026-02-10T10:19:12Z
0000000000000324,proposal,2026-02-10T10:19:12Z,2026-02-11T10:19:12Z
0000000000000324,won,2026-02-11T10:19:12Z,null
0000000000000325,new,2026-02-09T10:26:15Z,2026-02-10T10:26:15Z
0000000000000325,qualified,2026-02-10T10:26:15Z,2026-02-11T10:26:15Z
0000000000000325,proposal,2026-02-11T10:26:15Z,2026-02-12T10:26:15Z
0000000000000325,lost,2026-02-12T10:26:15Z,null
0000000000000326,new,2026-02-10T10:33:18Z,null
0000000000000327,new,2026-02-11T10:40:21Z,2026-02-12T10:40:21Z
0000000000000327,qualified,2026-02-12T10:40:21Z,null
0000000000000328,new,2026-02-12T10:47:24Z,2026-02-13T10:47:24Z
0000000000000328,qualified,2026-02-13T10:47:24Z,2026-02-14T10:47:24Z
0000000000000328,proposal,2026-02-14T10:47:24Z,null
0000000000000329,new,2026-02-13T10:54:27Z,2026-02-14T10:54:27Z
0000000000000329,qualified,2026-02-14T10:54:27Z,2026-02-15T10:54:27Z
0000000000000329,proposal,2026-02-15T10:54:27Z,2026-02-16T10:54:27Z
0000000000000329,won,2026-02-16T10:54:27Z,null
0000000000000330,new,2026-02-14T11:01:30Z,2026-02-15T11:01:30Z
0000000000000330,qualified,2026-02-15T11:01:30Z,2026-02-16T11:01:30Z
0000000000000330,proposal,2026-02-16T11:01:30Z,2026-02-17T11:01:30Z
0000000000000330,lost,2026-02-17T11:01:30Z,null
0000000000000331,new,2026-02-15T11:08:33Z,null
0000000000000332,new,2026-02-16T11:15:36Z,2026-02-17T11:15:36Z
0000000000000332,qualified,2026-02-17T11:15:36Z,null
0000000000000333,new,2026-02-17T11:22:39Z,2026-02-18T11:22:39Z
0000000000000333,qualified,2026-02-18T11:22:39Z,2026-02-19T11:22:39Z
0000000000000333,proposal,2026-02-19T11:22:39Z,null
0000000000000334,new,2026-02-18T11:29:42Z,2026-02-19T11:29:42Z
0000000000000334,qualified,2026-02-19T11:29:42Z,2026-02-20T11:29:42Z
0000000000000334,proposal,2026-02-20T11:29:42Z,2026-02-21T11:29:42Z
0000000000000334,won,2026-02-21T11:29:42Z,null
0000000000000335,new,2026-02-19T11:36:45Z,2026-02-20T11:36:45Z
0000000000000335,qualified,2026-02-20T11:36:45Z,2026-02-21T11:36:45Z
0000000000000335,proposal,2026-02-21T11:36:45Z,2026-02-22T11:36:45Z
0000000000000335,lost,2026-02-22T11:36:45Z,null
0000000000000336,new,2026-02-20T11:43:48Z,null
0000000000000337,new,2026-02-21T11:50:51Z,2026-02-22T11:50:51Z
0000000000000337,qualified,2026-02-22T11:50:51Z,null
0000000000000338,new,2026-02-22T11:57:54Z,2026-02-23T11:57:54Z
0000000000000338,qualified,2026-02-23T11:57:54Z,2026-02-24T11:57:54Z
0000000000000338,proposal,2026-02-24T11:57:54Z,null
0000000000000339,new,2026-02-23T12:04:57Z,2026-02-24T12:04:57Z
0000000000000339,qualified,2026-02-24T12:04:57Z,2026-02-25T12:04:57Z
0000000000000339,proposal,2026-02-25T12:04:57Z,2026-02-26T12:04:57Z
0000000000000339,won,2026-02-26T12:04:57Z,null
0000000000000340,new,2026-02-24T12:12:00Z,2026-02-25T12:12:00Z
0000000000000340,qualified,2026-02-25T12:12:00Z,2026-02-26T12:12:00Z
0000000000000340,proposal,2026-02-26T12:12:00Z,2026-02-27T12:12:00Z
0000000000000340,lost,2026-02-27T12:12:00Z,null
0000000000000341,new,2026-02-25T12:19:03Z,null
0000000000000342,new,2026-02-26T12:26:06Z,2026-02-27T12:26:06Z
0000000000000342,qualified,2026-02-27T12:26:06Z,null
0000000000000343,new,2026-02-27T12:33:09Z,2026-02-28T12:33:09Z
0000000000000343,qualified,2026-02-28T12:33:09Z,2026-03-01T12:33:09Z
0000000000000343,proposal,2026-03-01T12:33:09Z,null
0000000000000344,new,2026-02-28T12:40:12Z,2026-03-01T12:40:12Z
0000000000000344,qualified,2026-03-01T12:40:12Z,2026-03-02T12:40:12Z
0000000000000344,proposal,2026-03-02T12:40:12Z,2026-03-03T12:40:12Z
0000000000000344,won,2026-03-03T12:40:12Z,null
0000000000000345,new,2026-03-01T12:47:15Z,2026-03-02T12:47:15Z
0000000000000345,qualified,2026-03-02T12:47:15Z,2026-03-03T12:47:15Z
0000000000000345,proposal,2026-03-03T12:47:15Z,2026-03-04T12:47:15Z
0000000000000345,lost,2026-03-04T12:47:15Z,null
0000000000000346,new,2026-01-01T12:54:18Z,null
0000000000000347,new,2026-01-02T13:01:21Z,2026-01-03T13:01:21Z
0000000000000347,qualified,2026-01-03T13:01:21Z,null
0000000000000348,new,2026-01-03T13:08:24Z,2026-01-04T13:08:24Z
0000000000000348,qualified,2026-01-04T13:08:24Z,2026-01-05T13:08:24Z
0000000000000348,proposal,2026-01-05T13:08:24Z,null
0000000000000349,new,2026-01-04T13:15:27Z,2026-01-05T13:15:27Z
0000000000000349,qualified,2026-01-05T13:15:27Z,2026-01-06T13:15:27Z
0000000000000349,proposal,2026-01-06T13:15:27Z,2026-01-07T13:15:27Z
0000000000000349,won,2026-01-07T13:15:27Z,null
0000000000000350,new,2026-01-05T13:22:30Z,2026-01-06T13:22:30Z
0000000000000350,qualified,2026-01-06T13:22:30Z,2026-01-07T13:22:30Z
0000000000000350,proposal,2026-01-07T13:22:30Z,2026-01-08T13:22:30Z
0000000000000350,lost,2026-01-08T13:22:30Z,null
0000000000000351,new,2026-01-06T13:29:33Z,null
0000000000000352,new,2026-01-07T13:36:36Z,2026-01-08T13:36:36Z
0000000000000352,qualified,2026-01-08T13:36:36Z,null
0000000000000353,new,2026-01-08T13:43:39Z,2026-01-09T13:43:39Z
0000000000000353,qualified,2026-01-09T13:43:39Z,2026-01-10T13:43:39Z
0000000000000353,proposal,2026-01-10T13:43:39Z,null
0000000000000354,new,2026-01-09T13:50:42Z,2026-01-10T13:50:42Z
0000000000000354,qualified,2026-01-10T13:50:42Z,2026-01-11T13:50:42Z
0000000000000354,proposal,2026-01-11T13:50:42Z,2026-01-12T13:50:42Z
0000000000000354,won,2026-01-12T13:50:42Z,null
0000000000000355,new,2026-01-10T13:57:45Z,2026-01-11T13:57:45Z
0000000000000355,qualified,2026-01-11T13:57:45Z,2026-01-12T13:57:45Z
0000000000000355,proposal,2026-01-12T13:57:45Z,2026-01-13T13:57:45Z
0000000000000355,lost,2026-01-13T13:57:45Z,null
0000000000000356,new,2026-01-11T14:04:48Z,null
0000000000000357,new,2026-01-12T14:11:51Z,2026-01-13T14:11:51Z
0000000000000357,qualified,2026-01-13T14:11:51Z,null
0000000000000358,new,2026-01-13T14:18:54Z,2026-01-14T14:18:54Z
0000000000000358,qualified,2026-01-14T14:18:54Z,2026-01-15T14:18:54Z
0000000000000358,proposal,2026-01-15T14:18:54Z,null
0000000000000359,new,2026-01-14T14:25:57Z,2026-01-15T14:25:57Z
0000000000000359,qualified,2026-01-15T14:25:57Z,2026-01-16T14:25:57Z
0000000000000359,proposal,2026-01-16T14:25:57Z,2026-01-17T14:25:57Z
0000000000000359,won,2026-01-17T14:25:57Z,null
0000000000000360,new,2026-01-15T14:33:00Z,2026-01-16T14:33:00Z
0000000000000360,qualified,2026-01-16T14:33:00Z,2026-01-17T14:33:00Z
0000000000000360,proposal,2026-01-17T14:33:00Z,2026-01-18T14:33:00Z
0000000000000360,lost,2026-01-18T14:33:00Z,null
0000000000000361,new,2026-01-16T14:40:03Z,null
0000000000000362,new,2026-01-17T14:47:06Z,2026-01-18T14:47:06Z
0000000000000362,qualified,2026-01-18T14:47:06Z,null
0000000000000363,new,2026-01-18T14:54:09Z,2026-01-19T14:54:09Z
0000000000000363,qualified,2026-01-19T14:54:09Z,2026-01-20T14:54:09Z
0000000000000363,proposal,2026-01-20T14:54:09Z,null
0000000000000364,new,2026-01-19T15:01:12Z,2026-01-20T15:01:12Z
0000000000000364,qualified,2026-01-20T15:01:12Z,2026-01-21T15:01:12Z
0000000000000364,proposal,2026-01-21T15:01:12Z,2026-01-22T15:01:12Z
0000000000000364,won,2026-01-22T15:01:12Z,null
0000000000000365,new,2026-01-20T15:08:15Z,2026-01-21T15:08:15Z
0000000000000365,qualified,2026-01-21T15:08:15Z,2026-01-22T15:08:15Z
0000000000000365,proposal,2026-01-22T15:08:15Z,2026-01-23T15:08:15Z
0000000000000365,lost,2026-01-23T15:08:15Z,null
0000000000000366,new,2026-01-21T15:15:18Z,null
0000000000000367,new,2026-01-22T15:22:21Z,2026-01-23T15:22:21Z
0000000000000367,qualified,2026-01-23T15:22:21Z,null
0000000000000368,new,2026-01-23T15:29:24Z,2026-01-24T15:29:24Z
0000000000000368,qualified,2026-01-24T15:29:24Z,2026-01-25T15:29:24Z
0000000000000368,proposal,2026-01-25T15:29:24Z,null
0000000000000369,new,2026-01-24T15:36:27Z,2026-01-25T15:36:27Z
0000000000000369,qualified,2026-01-25T15:36:27Z,2026-01-26T15:36:27Z
0000000000000369,proposal,2026-01-26T15:36:27Z,2026-01-27T15:36:27Z
0000000000000369,won,2026-01-27T15:36:27Z,null
0000000000000370,new,2026-01-25T15:43:30Z,2026-01-26T15:43:30Z
0000000000000370,qualified,2026-01-26T15:43:30Z,2026-01-27T15:43:30Z
0000000000000370,proposal,2026-01-27T15:43:30Z,2026-01-28T15:43:30Z
0000000000000370,lost,2026-01-28T15:43:30Z,null
0000000000000371,new,2026-01-26T15:50:33Z,null
0000000000000372,new,2026-01-27T15:57:36Z,2026-01-28T15:57:36Z
0000000000000372,qualified,2026-01-28T15:57:36Z,null
0000000000000373,new,2026-01-28T16:04:39Z,2026-01-29T16:04:39Z
0000000000000373,qualified,2026-01-29T16:04:39Z,2026-01-30T16:04:39Z
0000000000000373,proposal,2026-01-30T16:04:39Z,null
0000000000000374,new,2026-01-29T16:11:42Z,2026-01-30T16:11:42Z
0000000000000374,qualified,2026-01-30T16:11:42Z,2026-01-31T16:11:42Z
0000000000000374,proposal,2026-01-31T16:11:42Z,2026-02-01T16:11:42Z
0000000000000374,won,2026-02-01T16:11:42Z,null
0000000000000375,new,2026-01-30T16:18:45Z,2026-01-31T16:18:45Z
0000000000000375,qualified,2026-01-31T16:18:45Z,2026-02-01T16:18:45Z
0000000000000375,proposal,2026-02-01T16:18:45Z,2026-02-02T16:18:45Z
0000000000000375,lost,2026-02-02T16:18:45Z,null
0000000000000376,new,2026-01-31T16:25:48Z,null
0000000000000377,new,2026-02-01T16:32:51Z,2026-02-02T16:32:51Z
0000000000000377,qualified,2026-02-02T16:32:51Z,null
0000000000000378,new,2026-02-02T16:39:54Z,2026-02-03T16:39:54Z
0000000000000378,qualified,2026-02-03T16:39:54Z,2026-02-04T16:39:54Z
0000000000000378,proposal,2026-02-04T16:39:54Z,null
0000000000000379,new,2026-02-03T16:46:57Z,2026-02-04T16:46:57Z
0000000000000379,qualified,2026-02-04T16:46:57Z,2026-02-05T16:46:57Z
0000000000000379,proposal,2026-02-05T16:46:57Z,2026-02-06T16:46:57Z
0000000000000379,won,2026-02-06T16:46:57Z,null
0000000000000380,new,2026-02-04T16:54:00Z,2026-02-05T16:54:00Z
0000000000000380,qualified,2026-02-05T16:54:00Z,2026-02-06T16:54:00Z
0000000000000380,proposal,2026-02-06T16:54:00Z,2026-02-07T16:54:00Z
0000000000000380,lost,2026-02-07T16:54:00Z,null
0000000000000381,new,2026-02-05T17:01:03Z,null
0000000000000382,new,2026-02-06T17:08:06Z,2026-02-07T17:08:06Z
0000000000000382,qualified,2026-02-07T17:08:06Z,null
0000000000000383,new,2026-02-07T17:15:09Z,2026-02-08T17:15:09Z
0000000000000383,qualified,2026-02-08T17:15:09Z,2026-02-09T17:15:09Z
0000000000000383,proposal,2026-02-09T17:15:09Z,null
0000000000000384,new,2026-02-08T17:22:12Z,2026-02-09T17:22:12Z
0000000000000384,qualified,2026-02-09T17:22:12Z,2026-02-10T17:22:12Z
0000000000000384,proposal,2026-02-10T17:22:12Z,2026-02-11T17:22:12Z
0000000000000384,won,2026-02-11T17:22:12Z,null
0000000000000385,new,2026-02-09T17:29:15Z,2026-02-10T17:29:15Z
0000000000000385,qualified,2026-02-10T17:29:15Z,2026-02-11T17:29:15Z
0000000000000385,proposal,2026-02-11T17:29:15Z,2026-02-12T17:29:15Z
0000000000000385,lost,2026-02-12T17:29:15Z,null
0000000000000386,new,2026-02-10T17:36:18Z,null
0000000000000387,new,2026-02-11T17:43:21Z,2026-02-12T17:43:21Z
0000000000000387,qualified,2026-02-12T17:43:21Z,null
0000000000000388,new,2026-02-12T17:50:24Z,2026-02-13T17:50:24Z
0000000000000388,qualified,2026-02-13T17:50:24Z,2026-02-14T17:50:24Z
0000000000000388,proposal,2026-02-14T17:50:24Z,null
0000000000000389,new,2026-02-13T17:57:27Z,2026-02-14T17:57:27Z
0000000000000389,qualified,2026-02-14T17:57:27Z,2026-02-15T17:57:27Z
0000000000000389,proposal,2026-02-15T17:57:27Z,2026-02-16T17:57:27Z
0000000000000389,won,2026-02-16T17:57:27Z,null
0000000000000390,new,2026-02-14T18:04:30Z,2026-02-15T18:04:30Z
0000000000000390,qualified,2026-02-15T18:04:30Z,2026-02-16T18:04:30Z
0000000000000390,proposal,2026-02-16T18:04:30Z,2026-02-17T18:04:30Z
0000000000000390,lost,2026-02-17T18:04:30Z,null
0000000000000391,new,2026-02-15T18:11:33Z,null
0000000000000392,new,2026-02-16T18:18:36Z,2026-02-17T18:18:36Z
0000000000000392,qualified,2026-02-17T18:18:36Z,null
0000000000000393,new,2026-02-17T18:25:39Z,2026-02-18T18:25:39Z
0000000000000393,qualified,2026-02-18T18:25:39Z,2026-02-19T18:25:39Z
0000000000000393,proposal,2026-02-19T18:25:39Z,null
0000000000000394,new,2026-02-18T18:32:42Z,2026-02-19T18:32:42Z
0000000000000394,qualified,2026-02-19T18:32:42Z,2026-02-20T18:32:42Z
0000000000000394,proposal,2026-02-20T18:32:42Z,2026-02-21T18:32:42Z
0000000000000394,won,2026-02-21T18:32:42Z,null
0000000000000395,new,2026-02-19T18:39:45Z,2026-02-20T18:39:45Z
0000000000000395,qualified,2026-02-20T18:39:45Z,2026-02-21T18:39:45Z
0000000000000395,proposal,2026-02-21T18:39:45Z,2026-02-22T18:39:45Z
0000000000000395,lost,2026-02-22T18:39:45Z,null
0000000000000396,new,2026-02-20T18:46:48Z,null
0000000000000397,new,2026-02-21T18:53:51Z,2026-02-22T18:53:51Z
0000000000000397,qualified,2026-02-22T18:53:51Z,null
0000000000000398,new,2026-02-22T19:00:54Z,2026-02-23T19:00:54Z
0000000000000398,qualified,2026-02-23T19:00:54Z,2026-02-24T19:00:54Z
0000000000000398,proposal,2026-02-24T19:00:54Z,null
0000000000000399,new,2026-02-23T19:07:57Z,2026-02-24T19:07:57Z
0000000000000399,qualified,2026-02-24T19:07:57Z,2026-02-25T19:07:57Z
0000000000000399,proposal,2026-02-25T19:07:57Z,2026-02-26T19:07:57Z
0000000000000399,won,2026-02-26T19:07:57Z,null
0000000000000400,new,2026-02-24T19:15:00Z,2026-02-25T19:15:00Z
0000000000000400,qualified,2026-02-25T19:15:00Z,2026-02-26T19:15:00Z
0000000000000400,proposal,2026-02-26T19:15:00Z,2026-02-27T19:15:00Z
0000000000000400,lost,2026-02-27T19:15:00Z,null
0000000000000401,new,2026-02-25T19:22:03Z,null
0000000000000402,new,2026-02-26T19:29:06Z,2026-02-27T19:29:06Z
0000000000000402,qualified,2026-02-27T19:29:06Z,null
0000000000000403,new,2026-02-27T19:36:09Z,2026-02-28T19:36:09Z
0000000000000403,qualified,2026-02-28T19:36:09Z,2026-03-01T19:36:09Z
0000000000000403,proposal,2026-03-01T19:36:09Z,null
0000000000000404,new,2026-02-28T19:43:12Z,2026-03-01T19:43:12Z
0000000000000404,qualified,2026-03-01T19:43:12Z,2026-03-02T19:43:12Z
0000000000000404,proposal,2026-03-02T19:43:12Z,2026-03-03T19:43:12Z
0000000000000404,won,2026-03-03T19:43:12Z,null
0000000000000405,new,2026-03-01T19:50:15Z,2026-03-02T19:50:15Z
0000000000000405,qualified,2026-03-02T19:50:15Z,2026-03-03T19:50:15Z
0000000000000405,proposal,2026-03-03T19:50:15Z,2026-03-04T19:50:15Z
0000000000000405,lost,2026-03-04T19:50:15Z,null
0000000000000406,new,2026-01-01T19:57:18Z,null
0000000000000407,new,2026-01-02T20:04:21Z,2026-01-03T20:04:21Z
0000000000000407,qualified,2026-01-03T20:04:21Z,null
0000000000000408,new,2026-01-03T20:11:24Z,2026-01-04T20:11:24Z
0000000000000408,qualified,2026-01-04T20:11:24Z,2026-01-05T20:11:24Z
0000000000000408,proposal,2026-01-05T20:11:24Z,null
0000000000000409,new,2026-01-04T20:18:27Z,2026-01-05T20:18:27Z
0000000000000409,qualified,2026-01-05T20:18:27Z,2026-01-06T20:18:27Z
0000000000000409,proposal,2026-01-06T20:18:27Z,2026-01-07T20:18:27Z
0000000000000409,won,2026-01-07T20:18:27Z,null
0000000000000410,new,2026-01-05T20:25:30Z,2026-01-06T20:25:30Z
0000000000000410,qualified,2026-01-06T20:25:30Z,2026-01-07T20:25:30Z
0000000000000410,proposal,2026-01-07T20:25:30Z,2026-01-08T20:25:30Z
0000000000000410,lost,2026-01-08T20:25:30Z,null
0000000000000411,new,2026-01-06T20:32:33Z,null
0000000000000412,new,2026-01-07T20:39:36Z,2026-01-08T20:39:36Z
0000000000000412,qualified,2026-01-08T20:39:36Z,null
0000000000000413,new,2026-01-08T20:46:39Z,2026-01-09T20:46:39Z
0000000000000413,qualified,2026-01-09T20:46:39Z,2026-01-10T20:46:39Z
0000000000000413,proposal,2026-01-10T20:46:39Z,null
0000000000000414,new,2026-01-09T20:53:42Z,2026-01-10T20:53:42Z
0000000000000414,qualified,2026-01-10T20:53:42Z,2026-01-11T20:53:42Z
0000000000000414,proposal,2026-01-11T20:53:42Z,2026-01-12T20:53:42Z
0000000000000414,won,2026-01-12T20:53:42Z,null
0000000000000415,new,2026-01-10T21:00:45Z,2026-01-11T21:00:45Z
0000000000000415,qualified,2026-01-11T21:00:45Z,2026-01-12T21:00:45Z
0000000000000415,proposal,2026-01-12T21:00:45Z,2026-01-13T21:00:45Z
0000000000000415,lost,2026-01-13T21:00:45Z,null
0000000000000416,new,2026-01-11T21:07:48Z,null
0000000000000417,new,2026-01-12T21:14:51Z,2026-01-13T21:14:51Z
0000000000000417,qualified,2026-01-13T21:14:51Z,null
0000000000000418,new,2026-01-13T21:21:54Z,2026-01-14T21:21:54Z
0000000000000418,qualified,2026-01-14T21:21:54Z,2026-01-15T21:21:54Z
0000000000000418,proposal,2026-01-15T21:21:54Z,null
0000000000000419,new,2026-01-14T21:28:57Z,2026-01-15T21:28:57Z
0000000000000419,qualified,2026-01-15T21:28:57Z,2026-01-16T21:28:57Z
0000000000000419,proposal,2026-01-16T21:28:57Z,2026-01-17T21:28:57Z
0000000000000419,won,2026-01-17T21:28:57Z,null
0000000000000420,new,2026-01-15T21:36:00Z,2026-01-16T21:36:00Z
0000000000000420,qualified,2026-01-16T21:36:00Z,2026-01-17T21:36:00Z
0000000000000420,proposal,2026-01-17T21:36:00Z,2026-01-18T21:36:00Z
0000000000000420,lost,2026-01-18T21:36:00Z,null
0000000000000421,new,2026-01-16T21:43:03Z,null
0000000000000422,new,2026-01-17T21:50:06Z,2026-01-18T21:50:06Z
0000000000000422,qualified,2026-01-18T21:50:06Z,null
0000000000000423,new,2026-01-18T21:57:09Z,2026-01-19T21:57:09Z
0000000000000423,qualified,2026-01-19T21:57:09Z,2026-01-20T21:57:09Z
0000000000000423,proposal,2026-01-20T21:57:09Z,null
0000000000000424,new,2026-01-19T22:04:12Z,2026-01-20T22:04:12Z
0000000000000424,qualified,2026-01-20T22:04:12Z,2026-01-21T22:04:12Z
0000000000000424,proposal,2026-01-21T22:04:12Z,2026-01-22T22:04:12Z
0000000000000424,won,2026-01-22T22:04:12Z,null
0000000000000425,new,2026-01-20T22:11:15Z,2026-01-21T22:11:15Z
0000000000000425,qualified,2026-01-21T22:11:15Z,2026-01-22T22:11:15Z
0000000000000425,proposal,2026-01-22T22:11:15Z,2026-01-23T22:11:15Z
0000000000000425,lost,2026-01-23T22:11:15Z,null
0000000000000426,new,2026-01-21T22:18:18Z,null
0000000000000427,new,2026-01-22T22:25:21Z,2026-01-23T22:25:21Z
0000000000000427,qualified,2026-01-23T22:25:21Z,null
0000000000000428,new,2026-01-23T22:32:24Z,2026-01-24T22:32:24Z
0000000000000428,qualified,2026-01-24T22:32:24Z,2026-01-25T22:32:24Z
0000000000000428,proposal,2026-01-25T22:32:24Z,null
0000000000000429,new,2026-01-24T22:39:27Z,2026-01-25T22:39:27Z
0000000000000429,qualified,2026-01-25T22:39:27Z,2026-01-26T22:39:27Z
0000000000000429,proposal,2026-01-26T22:39:27Z,2026-01-27T22:39:27Z
0000000000000429,won,2026-01-27T22:39:27Z,null
0000000000000430,new,2026-01-25T22:46:30Z,2026-01-26T22:46:30Z
0000000000000430,qualified,2026-01-26T22:46:30Z,2026-01-27T22:46:30Z
0000000000000430,proposal,2026-01-27T22:46:30Z,2026-01-28T22:46:30Z
0000000000000430,lost,2026-01-28T22:46:30Z,null
0000000000000431,new,2026-01-26T22:53:33Z,null
0000000000000432,new,2026-01-27T23:00:36Z,2026-01-28T23:00:36Z
0000000000000432,qualified,2026-01-28T23:00:36Z,null
0000000000000433,new,2026-01-28T23:07:39Z,2026-01-29T23:07:39Z
0000000000000433,qualified,2026-01-29T23:07:39Z,2026-01-30T23:07:39Z
0000000000000433,proposal,2026-01-30T23:07:39Z,null
0000000000000434,new,2026-01-29T23:14:42Z,2026-01-30T23:14:42Z
0000000000000434,qualified,2026-01-30T23:14:42Z,2026-01-31T23:14:42Z
0000000000000434,proposal,2026-01-31T23:14:42Z,2026-02-01T23:14:42Z
0000000000000434,won,2026-02-01T23:14:42Z,null
0000000000000435,new,2026-01-30T23:21:45Z,2026-01-31T23:21:45Z
0000000000000435,qualified,2026-01-31T23:21:45Z,2026-02-01T23:21:45Z
0000000000000435,proposal,2026-02-01T23:21:45Z,2026-02-02T23:21:45Z
0000000000000435,lost,2026-02-02T23:21:45Z,null
0000000000000436,new,2026-01-31T23:28:48Z,null
0000000000000437,new,2026-02-01T23:35:51Z,2026-02-02T23:35:51Z
0000000000000437,qualified,2026-02-02T23:35:51Z,null
0000000000000438,new,2026-02-02T23:42:54Z,2026-02-03T23:42:54Z
0000000000000438,qualified,2026-02-03T23:42:54Z,2026-02-04T23:42:54Z
0000000000000438,proposal,2026-02-04T23:42:54Z,null
0000000000000439,new,2026-02-03T23:49:57Z,2026-02-04T23:49:57Z
0000000000000439,qualified,2026-02-04T23:49:57Z,2026-02-05T23:49:57Z
0000000000000439,proposal,2026-02-05T23:49:57Z,2026-02-06T23:49:57Z
0000000000000439,won,2026-02-06T23:49:57Z,null
0000000000000440,new,2026-02-04T23:57:00Z,2026-02-05T23:57:00Z
0000000000000440,qualified,2026-02-05T23:57:00Z,2026-02-06T23:57:00Z
0000000000000440,proposal,2026-02-06T23:57:00Z,2026-02-07T23:57:00Z
0000000000000440,lost,2026-02-07T23:57:00Z,null
0000000000000441,new,2026-02-05T23:04:03Z,null
0000000000000442,new,2026-02-06T23:11:06Z,2026-02-07T23:11:06Z
0000000000000442,qualified,2026-02-07T23:11:06Z,null
0000000000000443,new,2026-02-07T23:18:09Z,2026-02-08T23:18:09Z
0000000000000443,qualified,2026-02-08T23:18:09Z,2026-02-09T23:18:09Z
0000000000000443,proposal,2026-02-09T23:18:09Z,null
0000000000000444,new,2026-02-08T23:25:12Z,2026-02-09T23:25:12Z
0000000000000444,qualified,2026-02-09T23:25:12Z,2026-02-10T23:25:12Z
0000000000000444,proposal,2026-02-10T23:25:12Z,2026-02-11T23:25:12Z
0000000000000444,won,2026-02-11T23:25:12Z,null
0000000000000445,new,2026-02-09T23:32:15Z,2026-02-10T23:32:15Z
0000000000000445,qualified,2026-02-10T23:32:15Z,2026-02-11T23:32:15Z
0000000000000445,proposal,2026-02-11T23:32:15Z,2026-02-12T23:32:15Z
0000000000000445,lost,2026-02-12T23:32:15Z,null
0000000000000446,new,2026-02-10T23:39:18Z,null
0000000000000447,new,2026-02-11T23:46:21Z,2026-02-12T23:46:21Z
0000000000000447,qualified,2026-02-12T23:46:21Z,null
0000000000000448,new,2026-02-12T23:53:24Z,2026-02-13T23:53:24Z
0000000000000448,qualified,2026-02-13T23:53:24Z,2026-02-14T23:53:24Z
0000000000000448,proposal,2026-02-14T23:53:24Z,null
0000000000000449,new,2026-02-13T23:40:27Z,2026-02-14T23:40:27Z
0000000000000449,qualified,2026-02-14T23:40:27Z,2026-02-15T23:40:27Z
0000000000000449,proposal,2026-02-15T23:40:27Z,2026-02-16T23:40:27Z
0000000000000449,won,2026-02-16T23:40:27Z,null
0000000000000450,new,2026-02-14T00:07:30Z,2026-02-15T00:07:30Z
0000000000000450,qualified,2026-02-15T00:07:30Z,2026-02-16T00:07:30Z
0000000000000450,proposal,2026-02-16T00:07:30Z,2026-02-17T00:07:30Z
0000000000000450,lost,2026-02-17T00:07:30Z,null
0000000000000451,new,2026-02-15T00:14:33Z,null
0000000000000452,new,2026-02-16T00:21:36Z,2026-02-17T00:21:36Z
0000000000000452,qualified,2026-02-17T00:21:36Z,null
0000000000000453,new,2026-02-17T00:28:39Z,2026-02-18T00:28:39Z
0000000000000453,qualified,2026-02-18T00:28:39Z,2026-02-19T00:28:39Z
0000000000000453,proposal,2026-02-19T00:28:39Z,null
0000000000000454,new,2026-02-18T00:35:42Z,2026-02-19T00:35:42Z
0000000000000454,qualified,2026-02-19T00:35:42Z,2026-02-20T00:35:42Z
0000000000000454,proposal,2026-02-20T00:35:42Z,2026-02-21T00:35:42Z
0000000000000454,won,2026-02-21T00:35:42Z,null
0000000000000455,new,2026-02-19T00:42:45Z,2026-02-20T00:42:45Z
0000000000000455,qualified,2026-02-20T00:42:45Z,2026-02-21T00:42:45Z
0000000000000455,proposal,2026-02-21T00:42:45Z,2026-02-22T00:42:45Z
0000000000000455,lost,2026-02-22T00:42:45Z,null
0000000000000456,new,2026-02-20T00:49:48Z,null
0000000000000457,new,2026-02-21T00:56:51Z,2026-02-22T00:56:51Z
0000000000000457,qualified,2026-02-22T00:56:51Z,null
0000000000000458,new,2026-02-22T01:03:54Z,2026-02-23T01:03:54Z
0000000000000458,qualified,2026-02-23T01:03:54Z,2026-02-24T01:03:54Z
0000000000000458,proposal,2026-02-24T01:03:54Z,null
0000000000000459,new,2026-02-23T01:10:57Z,2026-02-24T01:10:57Z
0000000000000459,qualified,2026-02-24T01:10:57Z,2026-02-25T01:10:57Z
0000000000000459,proposal,2026-02-25T01:10:57Z,2026-02-26T01:10:57Z
0000000000000459,won,2026-02-26T01:10:57Z,null
0000000000000460,new,2026-02-24T01:18:00Z,2026-02-25T01:18:00Z
0000000000000460,qualified,2026-02-25T01:18:00Z,2026-02-26T01:18:00Z
0000000000000460,proposal,2026-02-26T01:18:00Z,2026-02-27T01:18:00Z
0000000000000460,lost,2026-02-27T01:18:00Z,null
0000000000000461,new,2026-02-25T01:25:03Z,null
0000000000000462,new,2026-02-26T01:32:06Z,2026-02-27T01:32:06Z
0000000000000462,qualified,2026-02-27T01:32:06Z,null
0000000000000463,new,2026-02-27T01:39:09Z,2026-02-28T01:39:09Z
0000000000000463,qualified,2026-02-28T01:39:09Z,2026-03-01T01:39:09Z
0000000000000463,proposal,2026-03-01T01:39:09Z,null
0000000000000464,new,2026-02-28T01:46:12Z,2026-03-01T01:46:12Z
0000000000000464,qualified,2026-03-01T01:46:12Z,2026-03-02T01:46:12Z
0000000000000464,proposal,2026-03-02T01:46:12Z,2026-03-03T01:46:12Z
0000000000000464,won,2026-03-03T01:46:12Z,null
0000000000000465,new,2026-03-01T01:53:15Z,2026-03-02T01:53:15Z
0000000000000465,qualified,2026-03-02T01:53:15Z,2026-03-03T01:53:15Z
0000000000000465,proposal,2026-03-03T01:53:15Z,2026-03-04T01:53:15Z
0000000000000465,lost,2026-03-04T01:53:15Z,null
0000000000000466,new,2026-01-01T02:00:18Z,null
0000000000000467,new,2026-01-02T02:07:21Z,2026-01-03T02:07:21Z
0000000000000467,qualified,2026-01-03T02:07:21Z,null
0000000000000468,new,2026-01-03T02:14:24Z,2026-01-04T02:14:24Z
0000000000000468,qualified,2026-01-04T02:14:24Z,2026-01-05T02:14:24Z
0000000000000468,proposal,2026-01-05T02:14:24Z,null
0000000000000469,new,2026-01-04T02:21:27Z,2026-01-05T02:21:27Z
0000000000000469,qualified,2026-01-05T02:21:27Z,2026-01-06T02:21:27Z
0000000000000469,proposal,2026-01-06T02:21:27Z,2026-01-07T02:21:27Z
0000000000000469,won,2026-01-07T02:21:27Z,null
0000000000000470,new,2026-01-05T02:28:30Z,2026-01-06T02:28:30Z
0000000000000470,qualified,2026-01-06T02:28:30Z,2026-01-07T02:28:30Z
0000000000000470,proposal,2026-01-07T02:28:30Z,2026-01-08T02:28:30Z
0000000000000470,lost,2026-01-08T02:28:30Z,null
0000000000000471,new,2026-01-06T02:35:33Z,null
0000000000000472,new,2026-01-07T02:42:36Z,2026-01-08T02:42:36Z
0000000000000472,qualified,2026-01-08T02:42:36Z,null
0000000000000473,new,2026-01-08T02:49:39Z,2026-01-09T02:49:39Z
0000000000000473,qualified,2026-01-09T02:49:39Z,2026-01-10T02:49:39Z
0000000000000473,proposal,2026-01-10T02:49:39Z,null
0000000000000474,new,2026-01-09T02:56:42Z,2026-01-10T02:56:42Z
0000000000000474,qualified,2026-01-10T02:56:42Z,2026-01-11T02:56:42Z
0000000000000474,proposal,2026-01-11T02:56:42Z,2026-01-12T02:56:42Z
0000000000000474,won,2026-01-12T02:56:42Z,null
0000000000000475,new,2026-01-10T03:03:45Z,2026-01-11T03:03:45Z
0000000000000475,qualified,2026-01-11T03:03:45Z,2026-01-12T03:03:45Z
0000000000000475,proposal,2026-01-12T03:03:45Z,2026-01-13T03:03:45Z
0000000000000475,lost,2026-01-13T03:03:45Z,null
0000000000000476,new,2026-01-11T03:10:48Z,null
0000000000000477,new,2026-01-12T03:17:51Z,2026-01-13T03:17:51Z
0000000000000477,qualified,2026-01-13T03:17:51Z,null
0000000000000478,new,2026-01-13T03:24:54Z,2026-01-14T03:24:54Z
0000000000000478,qualified,2026-01-14T03:24:54Z,2026-01-15T03:24:54Z
0000000000000478,proposal,2026-01-15T03:24:54Z,null
0000000000000479,new,2026-01-14T03:31:57Z,2026-01-15T03:31:57Z
0000000000000479,qualified,2026-01-15T03:31:57Z,2026-01-16T03:31:57Z
0000000000000479,proposal,2026-01-16T03:31:57Z,2026-01-17T03:31:57Z
0000000000000479,won,2026-01-17T03:31:57Z,null
0000000000000480,new,2026-01-15T03:39:00Z,2026-01-16T03:39:00Z
0000000000000480,qualified,2026-01-16T03:39:00Z,2026-01-17T03:39:00Z
0000000000000480,proposal,2026-01-17T03:39:00Z,2026-01-18T03:39:00Z
0000000000000480,lost,2026-01-18T03:39:00Z,null
0000000000000481,new,2026-01-16T03:46:03Z,null
0000000000000482,new,2026-01-17T03:53:06Z,2026-01-18T03:53:06Z
0000000000000482,qualified,2026-01-18T03:53:06Z,null
0000000000000483,new,2026-01-18T04:00:09Z,2026-01-19T04:00:09Z
0000000000000483,qualified,2026-01-19T04:00:09Z,2026-01-20T04:00:09Z
0000000000000483,proposal,2026-01-20T04:00:09Z,null
0000000000000484,new,2026-01-19T04:07:12Z,2026-01-20T04:07:12Z
0000000000000484,qualified,2026-01-20T04:07:12Z,2026-01-21T04:07:12Z
0000000000000484,proposal,2026-01-21T04:07:12Z,2026-01-22T04:07:12Z
0000000000000484,won,2026-01-22T04:07:12Z,null
0000000000000485,new,2026-01-20T04:14:15Z,2026-01-21T04:14:15Z
0000000000000485,qualified,2026-01-21T04:14:15Z,2026-01-22T04:14:15Z
0000000000000485,proposal,2026-01-22T04:14:15Z,2026-01-23T04:14:15Z
0000000000000485,lost,2026-01-23T04:14:15Z,null
0000000000000486,new,2026-01-21T04:21:18Z,null
0000000000000487,new,2026-01-22T04:28:21Z,2026-01-23T04:28:21Z
0000000000000487,qualified,2026-01-23T04:28:21Z,null
0000000000000488,new,2026-01-23T04:35:24Z,2026-01-24T04:35:24Z
0000000000000488,qualified,2026-01-24T04:35:24Z,2026-01-25T04:35:24Z
0000000000000488,proposal,2026-01-25T04:35:24Z,null
0000000000000489,new,2026-01-24T04:42:27Z,2026-01-25T04:42:27Z
0000000000000489,qualified,2026-01-25T04:42:27Z,2026-01-26T04:42:27Z
0000000000000489,proposal,2026-01-26T04:42:27Z,2026-01-27T04:42:27Z
0000000000000489,won,2026-01-27T04:42:27Z,null
0000000000000490,new,2026-01-25T04:49:30Z,2026-01-26T04:49:30Z
0000000000000490,qualified,2026-01-26T04:49:30Z,2026-01-27T04:49:30Z
0000000000000490,proposal,2026-01-27T04:49:30Z,2026-01-28T04:49:30Z
0000000000000490,lost,2026-01-28T04:49:30Z,null
0000000000000491,new,2026-01-26T04:56:33Z,null
0000000000000492,new,2026-01-27T05:03:36Z,2026-01-28T05:03:36Z
0000000000000492,qualified,2026-01-28T05:03:36Z,null
0000000000000493,new,2026-01-28T05:10:39Z,2026-01-29T05:10:39Z
0000000000000493,qualified,2026-01-29T05:10:39Z,2026-01-30T05:10:39Z
0000000000000493,proposal,2026-01-30T05:10:39Z,null
0000000000000494,new,2026-01-29T05:17:42Z,2026-01-30T05:17:42Z
0000000000000494,qualified,2026-01-30T05:17:42Z,2026-01-31T05:17:42Z
0000000000000494,proposal,2026-01-31T05:17:42Z,2026-02-01T05:17:42Z
0000000000000494,won,2026-02-01T05:17:42Z,null
0000000000000495,new,2026-01-30T05:24:45Z,2026-01-31T05:24:45Z
0000000000000495,qualified,2026-01-31T05:24:45Z,2026-02-01T05:24:45Z
0000000000000495,proposal,2026-02-01T05:24:45Z,2026-02-02T05:24:45Z
0000000000000495,lost,2026-02-02T05:24:45Z,null
0000000000000496,new,2026-01-31T05:31:48Z,null
0000000000000497,new,2026-02-01T05:38:51Z,2026-02-02T05:38:51Z
0000000000000497,qualified,2026-02-02T05:38:51Z,null
0000000000000498,new,2026-02-02T05:45:54Z,2026-02-03T05:45:54Z
0000000000000498,qualified,2026-02-03T05:45:54Z,2026-02-04T05:45:54Z
0000000000000498,proposal,2026-02-04T05:45:54Z,null
0000000000000499,new,2026-02-03T05:52:57Z,2026-02-04T05:52:57Z
0000000000000499,qualified,2026-02-04T05:52:57Z,2026-02-05T05:52:57Z
0000000000000499,proposal,2026-02-05T05:52:57Z,2026-02-06T05:52:57Z
0000000000000499,won,2026-02-06T05:52:57Z,null
0000000000000500,new,2026-02-04T06:00:00Z,2026-02-05T06:00:00Z
0000000000000500,qualified,2026-02-05T06:00:00Z,2026-02-06T06:00:00Z
0000000000000500,proposal,2026-02-06T06:00:00Z,2026-02-07T06:00:00Z
0000000000000500,lost,2026-02-07T06:00:00Z,null
